generation,score,survivalRate,starvationRate,avgKills,config
1,370.67,14.0,23.0,0.06,{"foodWeight":9.24,"aggressionWeight":3.9,"tailPriorityWeight":3.36,"trapAvoidanceWeight":27.42,"spaceThreshold":19}
2,370.67,14.0,23.0,0.06,{"foodWeight":9.24,"aggressionWeight":3.9,"tailPriorityWeight":3.36,"trapAvoidanceWeight":27.42,"spaceThreshold":19}
3,379.61,17.0,19.0,0.08,{"foodWeight":8.38,"aggressionWeight":3.65,"tailPriorityWeight":3.12,"trapAvoidanceWeight":27.64,"spaceThreshold":18}
4,379.61,17.0,19.0,0.08,{"foodWeight":8.38,"aggressionWeight":3.65,"tailPriorityWeight":3.12,"trapAvoidanceWeight":27.64,"spaceThreshold":18}
5,379.61,17.0,19.0,0.08,{"foodWeight":8.38,"aggressionWeight":3.65,"tailPriorityWeight":3.12,"trapAvoidanceWeight":27.64,"spaceThreshold":18}
6,379.61,17.0,19.0,0.08,{"foodWeight":8.38,"aggressionWeight":3.65,"tailPriorityWeight":3.12,"trapAvoidanceWeight":27.64,"spaceThreshold":18}
7,379.61,17.0,19.0,0.08,{"foodWeight":8.38,"aggressionWeight":3.65,"tailPriorityWeight":3.12,"trapAvoidanceWeight":27.64,"spaceThreshold":18}
8,379.61,17.0,19.0,0.08,{"foodWeight":8.38,"aggressionWeight":3.65,"tailPriorityWeight":3.12,"trapAvoidanceWeight":27.64,"spaceThreshold":18}
9,379.61,17.0,19.0,0.08,{"foodWeight":8.38,"aggressionWeight":3.65,"tailPriorityWeight":3.12,"trapAvoidanceWeight":27.64,"spaceThreshold":18}
10,379.61,17.0,19.0,0.08,{"foodWeight":8.38,"aggressionWeight":3.65,"tailPriorityWeight":3.12,"trapAvoidanceWeight":27.64,"spaceThreshold":18}
11,379.61,17.0,19.0,0.08,{"foodWeight":8.38,"aggressionWeight":3.65,"tailPriorityWeight":3.12,"trapAvoidanceWeight":27.64,"spaceThreshold":18}
12,379.61,17.0,19.0,0.08,{"foodWeight":8.38,"aggressionWeight":3.65,"tailPriorityWeight":3.12,"trapAvoidanceWeight":27.64,"spaceThreshold":18}
13,379.61,17.0,19.0,0.08,{"foodWeight":8.38,"aggressionWeight":3.65,"tailPriorityWeight":3.12,"trapAvoidanceWeight":27.64,"spaceThreshold":18}
14,379.61,17.0,19.0,0.08,{"foodWeight":8.38,"aggressionWeight":3.65,"tailPriorityWeight":3.12,"trapAvoidanceWeight":27.64,"spaceThreshold":18}
15,379.61,17.0,19.0,0.08,{"foodWeight":8.38,"aggressionWeight":3.65,"tailPriorityWeight":3.12,"trapAvoidanceWeight":27.64,"spaceThreshold":18}
16,379.61,17.0,19.0,0.08,{"foodWeight":8.38,"aggressionWeight":3.65,"tailPriorityWeight":3.12,"trapAvoidanceWeight":27.64,"spaceThreshold":18}
17,379.61,17.0,19.0,0.08,{"foodWeight":8.38,"aggressionWeight":3.65,"tailPriorityWeight":3.12,"trapAvoidanceWeight":27.64,"spaceThreshold":18}
18,379.61,17.0,19.0,0.08,{"foodWeight":8.38,"aggressionWeight":3.65,"tailPriorityWeight":3.12,"trapAvoidanceWeight":27.64,"spaceThreshold":18}
19,379.61,17.0,19.0,0.08,{"foodWeight":8.38,"aggressionWeight":3.65,"tailPriorityWeight":3.12,"trapAvoidanceWeight":27.64,"spaceThreshold":18}
20,379.61,17.0,19.0,0.08,{"foodWeight":8.38,"aggressionWeight":3.65,"tailPriorityWeight":3.12,"trapAvoidanceWeight":27.64,"spaceThreshold":18}
generation,score,survivalRate,starvationRate,avgKills,winRate,config
0,31158,9,0,0.07,0,{"foodWeight":10,"aggressionWeight":3.96,"tailPriorityWeight":3.59,"trapAvoidanceWeight":26.55,"spaceThreshold":19}
1,31038,5,0,0.07,0,{"foodWeight":10.51,"aggressionWeight":4.28,"tailPriorityWeight":3.89,"trapAvoidanceWeight":27.99,"spaceThreshold":19}
2,34946,10,0,0.07,0,{"foodWeight":9.78,"aggressionWeight":4,"tailPriorityWeight":3.27,"trapAvoidanceWeight":28.17,"spaceThreshold":19}
3,33761,11,0,0.07,0,{"foodWeight":10.11,"aggressionWeight":3.85,"tailPriorityWeight":3.02,"trapAvoidanceWeight":26.35,"spaceThreshold":19}
4,32314,10,0,0.05,0,{"foodWeight":9.09,"aggressionWeight":4.3,"tailPriorityWeight":3.32,"trapAvoidanceWeight":28.43,"spaceThreshold":18}
5,33623,9,0,0.07,0,{"foodWeight":9.27,"aggressionWeight":4.2,"tailPriorityWeight":3.3,"trapAvoidanceWeight":30.23,"spaceThreshold":20}
6,35645,13,0,0.08,0,{"foodWeight":9.56,"aggressionWeight":3.81,"tailPriorityWeight":3.35,"trapAvoidanceWeight":25.74,"spaceThreshold":20}
7,32391,8,0,0.1,0,{"foodWeight":10.47,"aggressionWeight":3.99,"tailPriorityWeight":3.53,"trapAvoidanceWeight":28.01,"spaceThreshold":20}
8,29635,6,0,0.07,0,{"foodWeight":9.51,"aggressionWeight":3.45,"tailPriorityWeight":3.15,"trapAvoidanceWeight":23.91,"spaceThreshold":19}
9,36773,15,0,0.01,0,{"foodWeight":9.91,"aggressionWeight":4.05,"tailPriorityWeight":3.49,"trapAvoidanceWeight":28.28,"spaceThreshold":20}
10,33134,13,0,0.06,0,{"foodWeight":10.28,"aggressionWeight":4.42,"tailPriorityWeight":3.46,"trapAvoidanceWeight":29.39,"spaceThreshold":20}
11,31544,7.000000000000001,0,0.09,0,{"foodWeight":10.36,"aggressionWeight":3.94,"tailPriorityWeight":3.8,"trapAvoidanceWeight":28.3,"spaceThreshold":20}
12,32333,7.000000000000001,0,0.13,0,{"foodWeight":9.61,"aggressionWeight":4.07,"tailPriorityWeight":3.71,"trapAvoidanceWeight":29.22,"spaceThreshold":19}
13,32526,10,0,0.07,0,{"foodWeight":9.05,"aggressionWeight":4.34,"tailPriorityWeight":3.71,"trapAvoidanceWeight":26.33,"spaceThreshold":20}
14,32647,6,0,0.11,0,{"foodWeight":9.4,"aggressionWeight":4.38,"tailPriorityWeight":3.48,"trapAvoidanceWeight":29.93,"spaceThreshold":20}
15,32014,11,0,0.06,0,{"foodWeight":10.77,"aggressionWeight":3.89,"tailPriorityWeight":3.79,"trapAvoidanceWeight":28.04,"spaceThreshold":20}
16,29957,7.000000000000001,0,0.07,0,{"foodWeight":9.53,"aggressionWeight":3.76,"tailPriorityWeight":3.38,"trapAvoidanceWeight":26.74,"spaceThreshold":20}
17,30525,7.000000000000001,0,0.11,0,{"foodWeight":10.42,"aggressionWeight":3.83,"tailPriorityWeight":3.35,"trapAvoidanceWeight":29.43,"spaceThreshold":20}
18,33150,10,0,0.05,0,{"foodWeight":9.25,"aggressionWeight":4.32,"tailPriorityWeight":3.41,"trapAvoidanceWeight":28.55,"spaceThreshold":19}
19,33029,9,0,0.12,0,{"foodWeight":9.65,"aggressionWeight":4.01,"tailPriorityWeight":3.58,"trapAvoidanceWeight":27.08,"spaceThreshold":20}
20,31995,8,0,0.06,0,{"foodWeight":9,"aggressionWeight":4.42,"tailPriorityWeight":3.73,"trapAvoidanceWeight":25.58,"spaceThreshold":20}
21,30540,6,0,0.14,0,{"foodWeight":10.64,"aggressionWeight":3.7,"tailPriorityWeight":3.16,"trapAvoidanceWeight":28.56,"spaceThreshold":19}
22,30564,7.000000000000001,0,0.08,0,{"foodWeight":9.92,"aggressionWeight":3.9,"tailPriorityWeight":3.47,"trapAvoidanceWeight":26.92,"spaceThreshold":19}
23,27718,4,0,0.09,0,{"foodWeight":10.33,"aggressionWeight":4.15,"tailPriorityWeight":3.52,"trapAvoidanceWeight":29.17,"spaceThreshold":20}
24,35312,11,0,0.05,0,{"foodWeight":9.37,"aggressionWeight":4.23,"tailPriorityWeight":3.44,"trapAvoidanceWeight":28.17,"spaceThreshold":19}
25,36980,13,0,0.08,0,{"foodWeight":9.12,"aggressionWeight":4.08,"tailPriorityWeight":3.49,"trapAvoidanceWeight":27,"spaceThreshold":20}
26,33888,11,0,0.07,0,{"foodWeight":8.62,"aggressionWeight":4.33,"tailPriorityWeight":3.48,"trapAvoidanceWeight":28.69,"spaceThreshold":20}
27,36531,13,0,0.07,0,{"foodWeight":9.12,"aggressionWeight":3.89,"tailPriorityWeight":3.68,"trapAvoidanceWeight":28.18,"spaceThreshold":20}
28,33183,10,0,0.08,0,{"foodWeight":9.75,"aggressionWeight":4.42,"tailPriorityWeight":3.26,"trapAvoidanceWeight":24.71,"spaceThreshold":19}
29,33211,11,0,0.12,0,{"foodWeight":9.69,"aggressionWeight":4.27,"tailPriorityWeight":3.57,"trapAvoidanceWeight":27.65,"spaceThreshold":19}
generation,score,survivalRate,starvationRate,avgKills,winRate,config
0,31702,9,0,0.13,0,{"foodWeight":8.36,"aggressionWeight":3.61,"tailPriorityWeight":3.4,"trapAvoidanceWeight":25.59,"spaceThreshold":18}
1,31627,8,0,0.05,0,{"foodWeight":8.36,"aggressionWeight":3.75,"tailPriorityWeight":3.66,"trapAvoidanceWeight":26.81,"spaceThreshold":18}
2,33542,8,0,0.06,0,{"foodWeight":8.45,"aggressionWeight":3.9,"tailPriorityWeight":3.69,"trapAvoidanceWeight":28.09,"spaceThreshold":18}
3,30713,8,0,0.07,0,{"foodWeight":7.96,"aggressionWeight":4.29,"tailPriorityWeight":3.79,"trapAvoidanceWeight":29.93,"spaceThreshold":19}
4,34139,7.000000000000001,0,0.1,0,{"foodWeight":8.69,"aggressionWeight":3.52,"tailPriorityWeight":3.78,"trapAvoidanceWeight":27.61,"spaceThreshold":19}
5,32191,7.000000000000001,0,0.01,0,{"foodWeight":7.97,"aggressionWeight":3.48,"tailPriorityWeight":3.7,"trapAvoidanceWeight":28.06,"spaceThreshold":20}
6,30089,5,0,0.08,0,{"foodWeight":7.91,"aggressionWeight":3.63,"tailPriorityWeight":3.47,"trapAvoidanceWeight":27.62,"spaceThreshold":19}
7,33618,8,0,0.12,0,{"foodWeight":9.06,"aggressionWeight":3.79,"tailPriorityWeight":4.01,"trapAvoidanceWeight":28.5,"spaceThreshold":19}
8,36379,14.000000000000002,0,0.07,0,{"foodWeight":9.14,"aggressionWeight":3.63,"tailPriorityWeight":3.99,"trapAvoidanceWeight":26.62,"spaceThreshold":19}
9,29059,6,0,0.08,0,{"foodWeight":9.68,"aggressionWeight":3.36,"tailPriorityWeight":4.27,"trapAvoidanceWeight":26.95,"spaceThreshold":18}
10,33180,13,0,0.07,0,{"foodWeight":9.14,"aggressionWeight":3.62,"tailPriorityWeight":4.08,"trapAvoidanceWeight":25.88,"spaceThreshold":19}
11,34916,10,0,0.1,0,{"foodWeight":8.48,"aggressionWeight":3.64,"tailPriorityWeight":4.22,"trapAvoidanceWeight":29.11,"spaceThreshold":19}
12,37113,16,0,0.03,0,{"foodWeight":9.27,"aggressionWeight":3.8,"tailPriorityWeight":3.9,"trapAvoidanceWeight":27.02,"spaceThreshold":20}
13,27624,2,0,0.09,0,{"foodWeight":9.64,"aggressionWeight":3.86,"tailPriorityWeight":4.08,"trapAvoidanceWeight":29.07,"spaceThreshold":20}
14,32376,10,0,0.06,0,{"foodWeight":8.54,"aggressionWeight":3.82,"tailPriorityWeight":4.17,"trapAvoidanceWeight":24.78,"spaceThreshold":19}
15,33034,9,0,0.1,0,{"foodWeight":9.37,"aggressionWeight":3.78,"tailPriorityWeight":3.86,"trapAvoidanceWeight":29.2,"spaceThreshold":20}
16,34063,8,0,0.06,0,{"foodWeight":8.54,"aggressionWeight":3.86,"tailPriorityWeight":4.27,"trapAvoidanceWeight":27.25,"spaceThreshold":19}
17,29580,3,0,0.08,0,{"foodWeight":8.69,"aggressionWeight":3.97,"tailPriorityWeight":3.74,"trapAvoidanceWeight":27.56,"spaceThreshold":20}
18,32594,10,0,0.09,0,{"foodWeight":8.81,"aggressionWeight":4.08,"tailPriorityWeight":3.76,"trapAvoidanceWeight":28.23,"spaceThreshold":19}
19,37232,14.000000000000002,0,0.07,0,{"foodWeight":9.13,"aggressionWeight":3.56,"tailPriorityWeight":3.89,"trapAvoidanceWeight":26.21,"spaceThreshold":19}
20,35169,13,0,0.11,0,{"foodWeight":9.85,"aggressionWeight":3.36,"tailPriorityWeight":3.83,"trapAvoidanceWeight":23.72,"spaceThreshold":18}
21,33101,10,0,0.05,0,{"foodWeight":8.89,"aggressionWeight":3.47,"tailPriorityWeight":3.87,"trapAvoidanceWeight":27.72,"spaceThreshold":18}
22,35540,13,0,0.07,0,{"foodWeight":9.34,"aggressionWeight":3.61,"tailPriorityWeight":3.94,"trapAvoidanceWeight":25.64,"spaceThreshold":19}
23,31343,6,0,0.1,0,{"foodWeight":9.54,"aggressionWeight":3.45,"tailPriorityWeight":4.02,"trapAvoidanceWeight":24.25,"spaceThreshold":18}
24,31461,8,0,0.11,0,{"foodWeight":9.27,"aggressionWeight":3.22,"tailPriorityWeight":4.11,"trapAvoidanceWeight":23.85,"spaceThreshold":18}
25,34084,8,0,0.08,0,{"foodWeight":8.35,"aggressionWeight":3.4,"tailPriorityWeight":3.71,"trapAvoidanceWeight":27.46,"spaceThreshold":19}
26,32087,6,0,0.06,0,{"foodWeight":9.23,"aggressionWeight":3.45,"tailPriorityWeight":3.92,"trapAvoidanceWeight":26.88,"spaceThreshold":19}
27,32972,4,0,0.1,0,{"foodWeight":9.25,"aggressionWeight":3.28,"tailPriorityWeight":4.25,"trapAvoidanceWeight":25.78,"spaceThreshold":19}
28,31462,9,0,0.12,0,{"foodWeight":9.26,"aggressionWeight":3.49,"tailPriorityWeight":3.9,"trapAvoidanceWeight":25.26,"spaceThreshold":19}
29,30565,8,0,0.11,0,{"foodWeight":8.55,"aggressionWeight":3.89,"tailPriorityWeight":4.17,"trapAvoidanceWeight":26.18,"spaceThreshold":19}
0,32169,7.000000000000001,0,0.07,0,{"foodWeight":9.04,"aggressionWeight":3.92,"tailPriorityWeight":3.35,"trapAvoidanceWeight":27.43,"spaceThreshold":19}
1,33830,8,0,0.11,0,{"foodWeight":9.01,"aggressionWeight":4.3,"tailPriorityWeight":3.15,"trapAvoidanceWeight":26.62,"spaceThreshold":20}
2,36215,12,0,0.07,0,{"foodWeight":8.59,"aggressionWeight":4.41,"tailPriorityWeight":3.34,"trapAvoidanceWeight":25.12,"spaceThreshold":19}
3,32890,9,0,0.14,0,{"foodWeight":8.21,"aggressionWeight":4.46,"tailPriorityWeight":3.28,"trapAvoidanceWeight":22.63,"spaceThreshold":20}
4,32275,9,0,0.11,0,{"foodWeight":8.43,"aggressionWeight":4.23,"tailPriorityWeight":3.34,"trapAvoidanceWeight":26.04,"spaceThreshold":20}
5,30161,8,0,0.06,0,{"foodWeight":7.92,"aggressionWeight":4.18,"tailPriorityWeight":3.05,"trapAvoidanceWeight":27.12,"spaceThreshold":19}
6,34982,13,0,0.09,0,{"foodWeight":9.44,"aggressionWeight":4.16,"tailPriorityWeight":3.37,"trapAvoidanceWeight":24.38,"spaceThreshold":18}
7,34526,10,0,0.08,0,{"foodWeight":8.57,"aggressionWeight":3.97,"tailPriorityWeight":3.06,"trapAvoidanceWeight":24.57,"spaceThreshold":18}
8,32388,8,0,0.08,0,{"foodWeight":8.22,"aggressionWeight":4.76,"tailPriorityWeight":3.01,"trapAvoidanceWeight":24.35,"spaceThreshold":18}
9,31043,7.000000000000001,0,0.1,0,{"foodWeight":8.26,"aggressionWeight":4.37,"tailPriorityWeight":3.2,"trapAvoidanceWeight":24.84,"spaceThreshold":19}
10,35893,10,0,0.08,0,{"foodWeight":8.24,"aggressionWeight":4.72,"tailPriorityWeight":3.59,"trapAvoidanceWeight":25.63,"spaceThreshold":20}
11,33632,10,0,0.08,0,{"foodWeight":7.92,"aggressionWeight":4.13,"tailPriorityWeight":3.39,"trapAvoidanceWeight":26.13,"spaceThreshold":19}
12,31610,8,0,0.06,0,{"foodWeight":8.45,"aggressionWeight":4.31,"tailPriorityWeight":3.15,"trapAvoidanceWeight":25.96,"spaceThreshold":18}
13,29243,4,0,0.06,0,{"foodWeight":9.33,"aggressionWeight":4.47,"tailPriorityWeight":3.33,"trapAvoidanceWeight":25.02,"spaceThreshold":20}
14,34586,12,0,0.1,0,{"foodWeight":9.43,"aggressionWeight":4.15,"tailPriorityWeight":3.44,"trapAvoidanceWeight":26.61,"spaceThreshold":20}
15,33226,9,0,0.03,0,{"foodWeight":9.3,"aggressionWeight":4.43,"tailPriorityWeight":3.33,"trapAvoidanceWeight":27.19,"spaceThreshold":19}
16,35072,10,0,0.04,0,{"foodWeight":8.33,"aggressionWeight":4.57,"tailPriorityWeight":3.59,"trapAvoidanceWeight":23.46,"spaceThreshold":19}
17,36607,14.000000000000002,0,0.1,0,{"foodWeight":8.19,"aggressionWeight":4.8,"tailPriorityWeight":3.49,"trapAvoidanceWeight":26.47,"spaceThreshold":19}
18,35049,12,0,0.06,0,{"foodWeight":8.97,"aggressionWeight":5.05,"tailPriorityWeight":3.63,"trapAvoidanceWeight":26.07,"spaceThreshold":20}
19,33319,6,0,0.08,0,{"foodWeight":9,"aggressionWeight":4.68,"tailPriorityWeight":3.47,"trapAvoidanceWeight":27.3,"spaceThreshold":18}
20,30244,5,0,0.12,0,{"foodWeight":8.25,"aggressionWeight":4.87,"tailPriorityWeight":3.53,"trapAvoidanceWeight":25.97,"spaceThreshold":19}
21,36735,12,0,0.05,0,{"foodWeight":8.6,"aggressionWeight":4.95,"tailPriorityWeight":3.51,"trapAvoidanceWeight":25.34,"spaceThreshold":19}
22,34694,9,0,0.05,0,{"foodWeight":7.74,"aggressionWeight":4.73,"tailPriorityWeight":3.28,"trapAvoidanceWeight":23.25,"spaceThreshold":18}
23,30786,8,0,0.09,0,{"foodWeight":8.13,"aggressionWeight":4.5,"tailPriorityWeight":3.68,"trapAvoidanceWeight":26.45,"spaceThreshold":20}
24,33877,12,0,0.06,0,{"foodWeight":8.29,"aggressionWeight":4.76,"tailPriorityWeight":3.45,"trapAvoidanceWeight":27.64,"spaceThreshold":18}
25,31697,8,0,0.07,0,{"foodWeight":8.39,"aggressionWeight":4.77,"tailPriorityWeight":3.36,"trapAvoidanceWeight":24.43,"spaceThreshold":19}
26,36473,13,0,0.07,0,{"foodWeight":7.96,"aggressionWeight":4.6,"tailPriorityWeight":3.23,"trapAvoidanceWeight":24.74,"spaceThreshold":19}
27,31005,10,0,0.14,0,{"foodWeight":8.81,"aggressionWeight":4.65,"tailPriorityWeight":3.77,"trapAvoidanceWeight":25.67,"spaceThreshold":19}
28,31699,10,0,0.03,0,{"foodWeight":8.34,"aggressionWeight":4.98,"tailPriorityWeight":3.66,"trapAvoidanceWeight":24.57,"spaceThreshold":19}
29,30802,9,0,0.09,0,{"foodWeight":8.71,"aggressionWeight":4.88,"tailPriorityWeight":3.62,"trapAvoidanceWeight":27.86,"spaceThreshold":19}
0,31541,10,0,0.08,0,{"foodWeight":9.4,"aggressionWeight":4.13,"tailPriorityWeight":3.61,"trapAvoidanceWeight":30.04,"spaceThreshold":18}
1,33359,9,0,0.06,0,{"foodWeight":9.95,"aggressionWeight":4.23,"tailPriorityWeight":3.48,"trapAvoidanceWeight":27.88,"spaceThreshold":18}
2,33353,11,0,0.02,0,{"foodWeight":10.07,"aggressionWeight":4.09,"tailPriorityWeight":3.81,"trapAvoidanceWeight":27.92,"spaceThreshold":18}
3,36089,13,0,0.11,0,{"foodWeight":9.37,"aggressionWeight":4.52,"tailPriorityWeight":3.51,"trapAvoidanceWeight":30.08,"spaceThreshold":19}
4,33556,5,0,0.12,0,{"foodWeight":9.54,"aggressionWeight":4.92,"tailPriorityWeight":3.24,"trapAvoidanceWeight":29.15,"spaceThreshold":19}
5,33539,10,0,0.13,0,{"foodWeight":10.07,"aggressionWeight":4.61,"tailPriorityWeight":3.51,"trapAvoidanceWeight":29.71,"spaceThreshold":18}
6,34589,9,0,0.08,0,{"foodWeight":9.43,"aggressionWeight":4.33,"tailPriorityWeight":3.17,"trapAvoidanceWeight":27.36,"spaceThreshold":19}
7,30475,11,0,0.15,0,{"foodWeight":10.02,"aggressionWeight":4.75,"tailPriorityWeight":3.18,"trapAvoidanceWeight":31.61,"spaceThreshold":19}
8,36173,12,0,0.01,0,{"foodWeight":10.26,"aggressionWeight":4.21,"tailPriorityWeight":3.23,"trapAvoidanceWeight":27.4,"spaceThreshold":18}
9,33291,10,0,0.05,0,{"foodWeight":11.21,"aggressionWeight":3.91,"tailPriorityWeight":2.95,"trapAvoidanceWeight":24.99,"spaceThreshold":18}
10,29900,8,0,0.04,0,{"foodWeight":9.79,"aggressionWeight":4.19,"tailPriorityWeight":3.34,"trapAvoidanceWeight":27.67,"spaceThreshold":17}
11,32442,10,0,0.06,0,{"foodWeight":10.46,"aggressionWeight":3.89,"tailPriorityWeight":3.32,"trapAvoidanceWeight":29.83,"spaceThreshold":17}
12,31009,6,0,0.12,0,{"foodWeight":9.89,"aggressionWeight":4.48,"tailPriorityWeight":3.05,"trapAvoidanceWeight":27.05,"spaceThreshold":18}
13,30873,7.000000000000001,0,0.1,0,{"foodWeight":11.19,"aggressionWeight":3.98,"tailPriorityWeight":2.98,"trapAvoidanceWeight":28.81,"spaceThreshold":19}
14,35349,11,0,0.09,0,{"foodWeight":10.08,"aggressionWeight":3.98,"tailPriorityWeight":3.25,"trapAvoidanceWeight":26.45,"spaceThreshold":18}
15,36090,9,0,0.08,0,{"foodWeight":10.76,"aggressionWeight":4.41,"tailPriorityWeight":3.52,"trapAvoidanceWeight":27.51,"spaceThreshold":18}
16,34101,10,0,0.12,0,{"foodWeight":9.69,"aggressionWeight":4.53,"tailPriorityWeight":3.15,"trapAvoidanceWeight":25.23,"spaceThreshold":18}
17,32234,9,0,0.04,0,{"foodWeight":10.49,"aggressionWeight":4.18,"tailPriorityWeight":3.04,"trapAvoidanceWeight":27.94,"spaceThreshold":18}
18,40187,18,0,0.06,0,{"foodWeight":10.26,"aggressionWeight":4.23,"tailPriorityWeight":3.25,"trapAvoidanceWeight":25.42,"spaceThreshold":18}
19,34801,9,0,0.11,0,{"foodWeight":10.8,"aggressionWeight":4.54,"tailPriorityWeight":3.52,"trapAvoidanceWeight":23.58,"spaceThreshold":19}
20,34551,6,0,0.09,0,{"foodWeight":10.2,"aggressionWeight":4.39,"tailPriorityWeight":3.55,"trapAvoidanceWeight":26.61,"spaceThreshold":17}
21,32495,7.000000000000001,0,0.04,0,{"foodWeight":10.88,"aggressionWeight":4.53,"tailPriorityWeight":3.49,"trapAvoidanceWeight":24.58,"spaceThreshold":17}
22,34904,11,0,0.1,0,{"foodWeight":9.79,"aggressionWeight":4.62,"tailPriorityWeight":3.23,"trapAvoidanceWeight":25.84,"spaceThreshold":17}
23,33595,11,0,0.09,0,{"foodWeight":10.31,"aggressionWeight":4.1,"tailPriorityWeight":3.46,"trapAvoidanceWeight":25.97,"spaceThreshold":17}
24,36060,13,0,0.06,0,{"foodWeight":10.36,"aggressionWeight":4.26,"tailPriorityWeight":3.5,"trapAvoidanceWeight":26.99,"spaceThreshold":18}
25,35514,15,0,0.09,0,{"foodWeight":9.35,"aggressionWeight":4.5,"tailPriorityWeight":3.22,"trapAvoidanceWeight":23.95,"spaceThreshold":19}
26,30803,7.000000000000001,0,0.11,0,{"foodWeight":9.32,"aggressionWeight":4.22,"tailPriorityWeight":3.42,"trapAvoidanceWeight":22.95,"spaceThreshold":17}
27,33836,10,0,0.09,0,{"foodWeight":9.86,"aggressionWeight":4.49,"tailPriorityWeight":3.46,"trapAvoidanceWeight":25.44,"spaceThreshold":18}
28,35534,12,0,0.07,0,{"foodWeight":10.63,"aggressionWeight":3.89,"tailPriorityWeight":2.97,"trapAvoidanceWeight":25.72,"spaceThreshold":19}
29,35387,13,0,0.08,0,{"foodWeight":10.28,"aggressionWeight":4.17,"tailPriorityWeight":3.28,"trapAvoidanceWeight":23,"spaceThreshold":18}
0,-9999,NaN,NaN,NaN,0,{"foodWeight":9.91,"aggressionWeight":3.53,"tailPriorityWeight":3.08,"trapAvoidanceWeight":25.53,"spaceThreshold":19}
1,-9999,NaN,NaN,NaN,0,{"foodWeight":9.04,"aggressionWeight":3.53,"tailPriorityWeight":3.12,"trapAvoidanceWeight":27.94,"spaceThreshold":19}
2,-9999,NaN,NaN,NaN,0,{"foodWeight":9.14,"aggressionWeight":3.26,"tailPriorityWeight":2.81,"trapAvoidanceWeight":27.59,"spaceThreshold":19}
3,-9999,NaN,NaN,NaN,0,{"foodWeight":10.07,"aggressionWeight":3.3,"tailPriorityWeight":3.26,"trapAvoidanceWeight":25.99,"spaceThreshold":19}
4,-9999,NaN,NaN,NaN,0,{"foodWeight":9.09,"aggressionWeight":3.28,"tailPriorityWeight":3.19,"trapAvoidanceWeight":26.8,"spaceThreshold":20}
5,-9999,NaN,NaN,NaN,0,{"foodWeight":10.3,"aggressionWeight":3.54,"tailPriorityWeight":3.32,"trapAvoidanceWeight":24.61,"spaceThreshold":18}
6,-9999,NaN,NaN,NaN,0,{"foodWeight":10.8,"aggressionWeight":3.81,"tailPriorityWeight":3.34,"trapAvoidanceWeight":25.78,"spaceThreshold":19}
7,-9999,NaN,NaN,NaN,0,{"foodWeight":10.48,"aggressionWeight":3.46,"tailPriorityWeight":3.01,"trapAvoidanceWeight":24.57,"spaceThreshold":20}
8,-9999,NaN,NaN,NaN,0,{"foodWeight":8.96,"aggressionWeight":3.69,"tailPriorityWeight":3.11,"trapAvoidanceWeight":27.77,"spaceThreshold":19}
9,-9999,NaN,NaN,NaN,0,{"foodWeight":9.68,"aggressionWeight":3.52,"tailPriorityWeight":2.94,"trapAvoidanceWeight":24.24,"spaceThreshold":19}
10,-9999,NaN,NaN,NaN,0,{"foodWeight":9.84,"aggressionWeight":3.52,"tailPriorityWeight":2.83,"trapAvoidanceWeight":24.32,"spaceThreshold":19}
11,-9999,NaN,NaN,NaN,0,{"foodWeight":9.53,"aggressionWeight":3.49,"tailPriorityWeight":3.25,"trapAvoidanceWeight":26.17,"spaceThreshold":19}
12,-9999,NaN,NaN,NaN,0,{"foodWeight":10.77,"aggressionWeight":3.39,"tailPriorityWeight":3.14,"trapAvoidanceWeight":26.49,"spaceThreshold":19}
13,-9999,NaN,NaN,NaN,0,{"foodWeight":10.38,"aggressionWeight":3.34,"tailPriorityWeight":3.02,"trapAvoidanceWeight":26.99,"spaceThreshold":19}
14,-9999,NaN,NaN,NaN,0,{"foodWeight":9.96,"aggressionWeight":3.32,"tailPriorityWeight":3,"trapAvoidanceWeight":25.07,"spaceThreshold":19}
15,-9999,NaN,NaN,NaN,0,{"foodWeight":9.45,"aggressionWeight":3.18,"tailPriorityWeight":2.84,"trapAvoidanceWeight":26.9,"spaceThreshold":18}
16,-9999,NaN,NaN,NaN,0,{"foodWeight":10.42,"aggressionWeight":3.27,"tailPriorityWeight":3.1,"trapAvoidanceWeight":27.61,"spaceThreshold":18}
17,-9999,NaN,NaN,NaN,0,{"foodWeight":9.84,"aggressionWeight":3.26,"tailPriorityWeight":3.12,"trapAvoidanceWeight":24.57,"spaceThreshold":19}
18,-9999,NaN,NaN,NaN,0,{"foodWeight":9.86,"aggressionWeight":3.49,"tailPriorityWeight":2.91,"trapAvoidanceWeight":26.39,"spaceThreshold":19}
19,-9999,NaN,NaN,NaN,0,{"foodWeight":10.34,"aggressionWeight":3.67,"tailPriorityWeight":2.79,"trapAvoidanceWeight":26.22,"spaceThreshold":19}
20,-9999,NaN,NaN,NaN,0,{"foodWeight":10.13,"aggressionWeight":3.7,"tailPriorityWeight":2.99,"trapAvoidanceWeight":26.57,"spaceThreshold":18}
21,-9999,NaN,NaN,NaN,0,{"foodWeight":10.42,"aggressionWeight":3.86,"tailPriorityWeight":3.33,"trapAvoidanceWeight":26.13,"spaceThreshold":20}
22,-9999,NaN,NaN,NaN,0,{"foodWeight":10.86,"aggressionWeight":3.43,"tailPriorityWeight":3.04,"trapAvoidanceWeight":23.91,"spaceThreshold":19}
23,-9999,NaN,NaN,NaN,0,{"foodWeight":9.4,"aggressionWeight":3.54,"tailPriorityWeight":3.07,"trapAvoidanceWeight":23.98,"spaceThreshold":19}
24,-9999,NaN,NaN,NaN,0,{"foodWeight":10.51,"aggressionWeight":3.49,"tailPriorityWeight":2.88,"trapAvoidanceWeight":27.59,"spaceThreshold":18}
25,-9999,NaN,NaN,NaN,0,{"foodWeight":10.87,"aggressionWeight":3.83,"tailPriorityWeight":2.94,"trapAvoidanceWeight":23.57,"spaceThreshold":18}
26,-9999,NaN,NaN,NaN,0,{"foodWeight":9.25,"aggressionWeight":3.87,"tailPriorityWeight":3.02,"trapAvoidanceWeight":25.03,"spaceThreshold":18}
27,-9999,NaN,NaN,NaN,0,{"foodWeight":9.56,"aggressionWeight":3.88,"tailPriorityWeight":3.32,"trapAvoidanceWeight":27.08,"spaceThreshold":18}
28,-9999,NaN,NaN,NaN,0,{"foodWeight":10.56,"aggressionWeight":3.6,"tailPriorityWeight":3.08,"trapAvoidanceWeight":28.03,"spaceThreshold":18}
29,-9999,NaN,NaN,NaN,0,{"foodWeight":10.45,"aggressionWeight":3.55,"tailPriorityWeight":2.84,"trapAvoidanceWeight":25.59,"spaceThreshold":20}
0,-9999,NaN,NaN,NaN,0,{"foodWeight":8.85,"aggressionWeight":4,"tailPriorityWeight":3.23,"trapAvoidanceWeight":26.94,"spaceThreshold":19}
1,-9999,NaN,NaN,NaN,0,{"foodWeight":8.61,"aggressionWeight":4.19,"tailPriorityWeight":3.01,"trapAvoidanceWeight":29.33,"spaceThreshold":20}
2,-9999,NaN,NaN,NaN,0,{"foodWeight":9.62,"aggressionWeight":3.77,"tailPriorityWeight":3.17,"trapAvoidanceWeight":29.54,"spaceThreshold":19}
3,-9999,NaN,NaN,NaN,0,{"foodWeight":8.57,"aggressionWeight":3.9,"tailPriorityWeight":3.07,"trapAvoidanceWeight":24.53,"spaceThreshold":18}
4,-9999,NaN,NaN,NaN,0,{"foodWeight":8.56,"aggressionWeight":3.74,"tailPriorityWeight":3.06,"trapAvoidanceWeight":27.57,"spaceThreshold":20}
5,-9999,NaN,NaN,NaN,0,{"foodWeight":8.17,"aggressionWeight":4.19,"tailPriorityWeight":3.16,"trapAvoidanceWeight":28.96,"spaceThreshold":20}
6,-9999,NaN,NaN,NaN,0,{"foodWeight":8.64,"aggressionWeight":4.14,"tailPriorityWeight":3.14,"trapAvoidanceWeight":27.27,"spaceThreshold":19}
7,-9999,NaN,NaN,NaN,0,{"foodWeight":9.65,"aggressionWeight":3.6,"tailPriorityWeight":3.19,"trapAvoidanceWeight":26.07,"spaceThreshold":20}
8,-9999,NaN,NaN,NaN,0,{"foodWeight":8.64,"aggressionWeight":4.01,"tailPriorityWeight":3,"trapAvoidanceWeight":27.27,"spaceThreshold":18}
9,-9999,NaN,NaN,NaN,0,{"foodWeight":8.25,"aggressionWeight":4.27,"tailPriorityWeight":3.38,"trapAvoidanceWeight":28.36,"spaceThreshold":20}
10,-9999,NaN,NaN,NaN,0,{"foodWeight":8.42,"aggressionWeight":3.92,"tailPriorityWeight":3.51,"trapAvoidanceWeight":27.16,"spaceThreshold":18}
11,-9999,NaN,NaN,NaN,0,{"foodWeight":8.19,"aggressionWeight":4.02,"tailPriorityWeight":3.05,"trapAvoidanceWeight":28.1,"spaceThreshold":18}
12,-9999,NaN,NaN,NaN,0,{"foodWeight":9.12,"aggressionWeight":4.05,"tailPriorityWeight":3.04,"trapAvoidanceWeight":28.12,"spaceThreshold":20}
13,-9999,NaN,NaN,NaN,0,{"foodWeight":8.49,"aggressionWeight":4.01,"tailPriorityWeight":3.08,"trapAvoidanceWeight":28.26,"spaceThreshold":18}
14,-9999,NaN,NaN,NaN,0,{"foodWeight":8.2,"aggressionWeight":3.83,"tailPriorityWeight":3.38,"trapAvoidanceWeight":25.77,"spaceThreshold":19}
15,-9999,NaN,NaN,NaN,0,{"foodWeight":7.98,"aggressionWeight":3.96,"tailPriorityWeight":3.17,"trapAvoidanceWeight":24.39,"spaceThreshold":20}
16,-9999,NaN,NaN,NaN,0,{"foodWeight":8.26,"aggressionWeight":3.68,"tailPriorityWeight":3.1,"trapAvoidanceWeight":24.68,"spaceThreshold":19}
17,-9999,NaN,NaN,NaN,0,{"foodWeight":9.69,"aggressionWeight":4.27,"tailPriorityWeight":3.02,"trapAvoidanceWeight":27.41,"spaceThreshold":18}
18,-9999,NaN,NaN,NaN,0,{"foodWeight":9.39,"aggressionWeight":4.17,"tailPriorityWeight":3.1,"trapAvoidanceWeight":25.57,"spaceThreshold":20}
19,-9999,NaN,NaN,NaN,0,{"foodWeight":8.44,"aggressionWeight":4.39,"tailPriorityWeight":3.46,"trapAvoidanceWeight":25.29,"spaceThreshold":19}
20,-9999,NaN,NaN,NaN,0,{"foodWeight":8.64,"aggressionWeight":3.99,"tailPriorityWeight":2.98,"trapAvoidanceWeight":28.89,"spaceThreshold":19}
21,-9999,NaN,NaN,NaN,0,{"foodWeight":8.92,"aggressionWeight":3.65,"tailPriorityWeight":3.14,"trapAvoidanceWeight":27.04,"spaceThreshold":20}
22,-9999,NaN,NaN,NaN,0,{"foodWeight":8.31,"aggressionWeight":4.21,"tailPriorityWeight":3.06,"trapAvoidanceWeight":29.38,"spaceThreshold":18}
23,-9999,NaN,NaN,NaN,0,{"foodWeight":8.85,"aggressionWeight":3.87,"tailPriorityWeight":3.19,"trapAvoidanceWeight":28.61,"spaceThreshold":20}
24,-9999,NaN,NaN,NaN,0,{"foodWeight":8.59,"aggressionWeight":4.01,"tailPriorityWeight":3.5,"trapAvoidanceWeight":28.57,"spaceThreshold":19}
25,-9999,NaN,NaN,NaN,0,{"foodWeight":9.26,"aggressionWeight":4.09,"tailPriorityWeight":3.37,"trapAvoidanceWeight":25.43,"spaceThreshold":18}
26,-9999,NaN,NaN,NaN,0,{"foodWeight":8.18,"aggressionWeight":4.11,"tailPriorityWeight":3.1,"trapAvoidanceWeight":25.12,"spaceThreshold":19}
27,-9999,NaN,NaN,NaN,0,{"foodWeight":9.33,"aggressionWeight":4.04,"tailPriorityWeight":3.33,"trapAvoidanceWeight":24.31,"spaceThreshold":20}
28,-9999,NaN,NaN,NaN,0,{"foodWeight":8.73,"aggressionWeight":3.71,"tailPriorityWeight":3.45,"trapAvoidanceWeight":29.55,"spaceThreshold":19}
29,-9999,NaN,NaN,NaN,0,{"foodWeight":8.97,"aggressionWeight":4.08,"tailPriorityWeight":3.52,"trapAvoidanceWeight":28.04,"spaceThreshold":19}
0,-9999,NaN,NaN,NaN,0,{"foodWeight":8.97,"aggressionWeight":4.08,"tailPriorityWeight":3.61,"trapAvoidanceWeight":25.01,"spaceThreshold":19}
1,-9999,NaN,NaN,NaN,0,{"foodWeight":8.16,"aggressionWeight":3.83,"tailPriorityWeight":3.82,"trapAvoidanceWeight":24.97,"spaceThreshold":19}
2,-9999,NaN,NaN,NaN,0,{"foodWeight":8.59,"aggressionWeight":3.82,"tailPriorityWeight":3.33,"trapAvoidanceWeight":26.49,"spaceThreshold":19}
3,-9999,NaN,NaN,NaN,0,{"foodWeight":8.1,"aggressionWeight":4.32,"tailPriorityWeight":3.7,"trapAvoidanceWeight":24.46,"spaceThreshold":18}
4,-9999,NaN,NaN,NaN,0,{"foodWeight":8.48,"aggressionWeight":4.48,"tailPriorityWeight":3.94,"trapAvoidanceWeight":23.97,"spaceThreshold":19}
5,-9999,NaN,NaN,NaN,0,{"foodWeight":9.26,"aggressionWeight":4.11,"tailPriorityWeight":3.73,"trapAvoidanceWeight":23.25,"spaceThreshold":18}
6,-9999,NaN,NaN,NaN,0,{"foodWeight":9.85,"aggressionWeight":4.32,"tailPriorityWeight":3.91,"trapAvoidanceWeight":22.73,"spaceThreshold":18}
7,-9999,NaN,NaN,NaN,0,{"foodWeight":8.09,"aggressionWeight":3.68,"tailPriorityWeight":3.46,"trapAvoidanceWeight":22.54,"spaceThreshold":19}
8,-9999,NaN,NaN,NaN,0,{"foodWeight":9.04,"aggressionWeight":3.69,"tailPriorityWeight":3.36,"trapAvoidanceWeight":24.45,"spaceThreshold":19}
9,-9999,NaN,NaN,NaN,0,{"foodWeight":9.31,"aggressionWeight":3.92,"tailPriorityWeight":3.84,"trapAvoidanceWeight":26.48,"spaceThreshold":20}
10,-9999,NaN,NaN,NaN,0,{"foodWeight":8.92,"aggressionWeight":4.18,"tailPriorityWeight":3.45,"trapAvoidanceWeight":23.78,"spaceThreshold":20}
11,-9999,NaN,NaN,NaN,0,{"foodWeight":8.68,"aggressionWeight":4.47,"tailPriorityWeight":3.48,"trapAvoidanceWeight":23.25,"spaceThreshold":19}
12,-9999,NaN,NaN,NaN,0,{"foodWeight":9.74,"aggressionWeight":3.8,"tailPriorityWeight":3.66,"trapAvoidanceWeight":26.21,"spaceThreshold":19}
13,-9999,NaN,NaN,NaN,0,{"foodWeight":8.73,"aggressionWeight":4.1,"tailPriorityWeight":3.7,"trapAvoidanceWeight":23.1,"spaceThreshold":20}
14,-9999,NaN,NaN,NaN,0,{"foodWeight":9.38,"aggressionWeight":4.41,"tailPriorityWeight":3.33,"trapAvoidanceWeight":24.69,"spaceThreshold":19}
15,-9999,NaN,NaN,NaN,0,{"foodWeight":8.85,"aggressionWeight":3.8,"tailPriorityWeight":3.43,"trapAvoidanceWeight":24.86,"spaceThreshold":19}
16,-9999,NaN,NaN,NaN,0,{"foodWeight":8.92,"aggressionWeight":4,"tailPriorityWeight":3.72,"trapAvoidanceWeight":23.77,"spaceThreshold":18}
17,-9999,NaN,NaN,NaN,0,{"foodWeight":9.51,"aggressionWeight":4.39,"tailPriorityWeight":3.69,"trapAvoidanceWeight":24.08,"spaceThreshold":19}
18,-9999,NaN,NaN,NaN,0,{"foodWeight":9.4,"aggressionWeight":4,"tailPriorityWeight":3.39,"trapAvoidanceWeight":23.53,"spaceThreshold":20}
19,-9999,NaN,NaN,NaN,0,{"foodWeight":9.13,"aggressionWeight":4.24,"tailPriorityWeight":3.46,"trapAvoidanceWeight":26.48,"spaceThreshold":20}
20,-9999,NaN,NaN,NaN,0,{"foodWeight":9.49,"aggressionWeight":4.07,"tailPriorityWeight":3.95,"trapAvoidanceWeight":23.29,"spaceThreshold":20}
21,-9999,NaN,NaN,NaN,0,{"foodWeight":9.83,"aggressionWeight":3.92,"tailPriorityWeight":3.67,"trapAvoidanceWeight":26.76,"spaceThreshold":19}
22,-9999,NaN,NaN,NaN,0,{"foodWeight":9.71,"aggressionWeight":4.33,"tailPriorityWeight":3.35,"trapAvoidanceWeight":23.84,"spaceThreshold":19}
23,-9999,NaN,NaN,NaN,0,{"foodWeight":9.06,"aggressionWeight":4.11,"tailPriorityWeight":3.86,"trapAvoidanceWeight":27.44,"spaceThreshold":18}
24,-9999,NaN,NaN,NaN,0,{"foodWeight":8.78,"aggressionWeight":4.26,"tailPriorityWeight":3.4,"trapAvoidanceWeight":24.33,"spaceThreshold":19}
25,-9999,NaN,NaN,NaN,0,{"foodWeight":8.54,"aggressionWeight":3.89,"tailPriorityWeight":3.31,"trapAvoidanceWeight":25.65,"spaceThreshold":20}
26,-9999,NaN,NaN,NaN,0,{"foodWeight":8.51,"aggressionWeight":3.98,"tailPriorityWeight":3.61,"trapAvoidanceWeight":24.84,"spaceThreshold":18}
27,-9999,NaN,NaN,NaN,0,{"foodWeight":9.09,"aggressionWeight":3.95,"tailPriorityWeight":3.64,"trapAvoidanceWeight":27.5,"spaceThreshold":19}
28,-9999,NaN,NaN,NaN,0,{"foodWeight":9.62,"aggressionWeight":4.28,"tailPriorityWeight":3.28,"trapAvoidanceWeight":23.21,"spaceThreshold":19}
29,-9999,NaN,NaN,NaN,0,{"foodWeight":8.82,"aggressionWeight":3.74,"tailPriorityWeight":3.64,"trapAvoidanceWeight":23.08,"spaceThreshold":20}
0,28334,5,0,0.09,0,{"foodWeight":9.13,"aggressionWeight":4.28,"tailPriorityWeight":3.68,"trapAvoidanceWeight":28.98,"spaceThreshold":19}
1,35159,11,0,0.07,0,{"foodWeight":9.64,"aggressionWeight":4.14,"tailPriorityWeight":3.91,"trapAvoidanceWeight":30.4,"spaceThreshold":18}
2,31179,9,0,0.06,0,{"foodWeight":9.12,"aggressionWeight":4.39,"tailPriorityWeight":3.77,"trapAvoidanceWeight":27.71,"spaceThreshold":18}
3,31732,5,0,0.11,0,{"foodWeight":9.94,"aggressionWeight":3.73,"tailPriorityWeight":3.72,"trapAvoidanceWeight":31.67,"spaceThreshold":18}
4,32371,7.000000000000001,0,0.11,0,{"foodWeight":8.79,"aggressionWeight":3.91,"tailPriorityWeight":4.01,"trapAvoidanceWeight":32.02,"spaceThreshold":19}
5,32139,9,0,0.07,0,{"foodWeight":8.81,"aggressionWeight":3.99,"tailPriorityWeight":3.85,"trapAvoidanceWeight":32.66,"spaceThreshold":19}
6,30311,7.000000000000001,0,0.09,0,{"foodWeight":10.21,"aggressionWeight":4.16,"tailPriorityWeight":4.17,"trapAvoidanceWeight":31.09,"spaceThreshold":19}
7,29744,6,0,0.07,0,{"foodWeight":9.29,"aggressionWeight":4.26,"tailPriorityWeight":3.84,"trapAvoidanceWeight":32.28,"spaceThreshold":17}
8,32222,7.000000000000001,0,0.09,0,{"foodWeight":9.29,"aggressionWeight":4.31,"tailPriorityWeight":4.12,"trapAvoidanceWeight":31.79,"spaceThreshold":18}
9,32108,10,0,0.07,0,{"foodWeight":8.75,"aggressionWeight":3.91,"tailPriorityWeight":3.83,"trapAvoidanceWeight":29.64,"spaceThreshold":18}
10,34371,9,0,0.07,0,{"foodWeight":9.06,"aggressionWeight":3.99,"tailPriorityWeight":3.8,"trapAvoidanceWeight":27.79,"spaceThreshold":18}
11,38421,18,0,0.08,0,{"foodWeight":10.51,"aggressionWeight":4.54,"tailPriorityWeight":3.77,"trapAvoidanceWeight":30.93,"spaceThreshold":18}
12,36197,17,0,0.04,0,{"foodWeight":9.69,"aggressionWeight":4.59,"tailPriorityWeight":3.76,"trapAvoidanceWeight":27.86,"spaceThreshold":19}
13,32488,10,0,0.1,0,{"foodWeight":10.01,"aggressionWeight":4.42,"tailPriorityWeight":4.13,"trapAvoidanceWeight":33.48,"spaceThreshold":18}
14,36125,13,0,0.08,0,{"foodWeight":11.09,"aggressionWeight":4.22,"tailPriorityWeight":3.58,"trapAvoidanceWeight":33.18,"spaceThreshold":19}
15,29344,8,0,0.09,0,{"foodWeight":9.65,"aggressionWeight":4.61,"tailPriorityWeight":3.7,"trapAvoidanceWeight":33.78,"spaceThreshold":18}
16,32187,9,0,0.09,0,{"foodWeight":10.34,"aggressionWeight":4.9,"tailPriorityWeight":3.67,"trapAvoidanceWeight":31.68,"spaceThreshold":18}
17,35742,15,0,0.02,0,{"foodWeight":9.74,"aggressionWeight":4.81,"tailPriorityWeight":3.82,"trapAvoidanceWeight":33.37,"spaceThreshold":19}
18,31772,6,0,0.1,0,{"foodWeight":10.49,"aggressionWeight":4.16,"tailPriorityWeight":3.65,"trapAvoidanceWeight":28.28,"spaceThreshold":18}
19,34703,8,0,0.05,0,{"foodWeight":11.08,"aggressionWeight":4.16,"tailPriorityWeight":3.92,"trapAvoidanceWeight":30.31,"spaceThreshold":19}
20,31534,9,0,0.06,0,{"foodWeight":10.24,"aggressionWeight":4.37,"tailPriorityWeight":3.69,"trapAvoidanceWeight":29.29,"spaceThreshold":18}
21,30023,7.000000000000001,0,0.07,0,{"foodWeight":11.37,"aggressionWeight":4.29,"tailPriorityWeight":4.09,"trapAvoidanceWeight":32.43,"spaceThreshold":18}
22,32398,8,0,0.1,0,{"foodWeight":9.81,"aggressionWeight":4.45,"tailPriorityWeight":3.79,"trapAvoidanceWeight":29.47,"spaceThreshold":18}
23,30117,7.000000000000001,0,0.1,0,{"foodWeight":9.51,"aggressionWeight":4.61,"tailPriorityWeight":4.09,"trapAvoidanceWeight":32.39,"spaceThreshold":18}
24,31793,9,0,0.14,0,{"foodWeight":9.51,"aggressionWeight":4.24,"tailPriorityWeight":3.53,"trapAvoidanceWeight":28.68,"spaceThreshold":18}
25,33784,9,0,0.08,0,{"foodWeight":10.26,"aggressionWeight":4.44,"tailPriorityWeight":3.55,"trapAvoidanceWeight":32.84,"spaceThreshold":17}
26,31814,5,0,0.03,0,{"foodWeight":11.11,"aggressionWeight":4.15,"tailPriorityWeight":4.08,"trapAvoidanceWeight":30.19,"spaceThreshold":18}
27,33085,8,0,0.1,0,{"foodWeight":10.79,"aggressionWeight":4.6,"tailPriorityWeight":3.94,"trapAvoidanceWeight":32.43,"spaceThreshold":18}
28,33951,7.000000000000001,0,0.13,0,{"foodWeight":9.95,"aggressionWeight":4.5,"tailPriorityWeight":3.97,"trapAvoidanceWeight":31.04,"spaceThreshold":18}
29,31460,5,0,0.08,0,{"foodWeight":10.25,"aggressionWeight":4.99,"tailPriorityWeight":4.04,"trapAvoidanceWeight":30.32,"spaceThreshold":18}
1,327.22,7.0,34.0,0.04,{"foodWeight":7.5,"aggressionWeight":4.84,"tailPriorityWeight":4.13,"trapAvoidanceWeight":25.07,"spaceThreshold":20}
2,320.71,9.0,27.0,0.08,{"foodWeight":6.84,"aggressionWeight":4.49,"tailPriorityWeight":4.47,"trapAvoidanceWeight":25.51,"spaceThreshold":20}
3,382.69,15.0,30.0,0.06,{"foodWeight":7.32,"aggressionWeight":4.99,"tailPriorityWeight":4.11,"trapAvoidanceWeight":24.38,"spaceThreshold":20}
4,371.73,13.0,32.0,0.08,{"foodWeight":6.73,"aggressionWeight":4.53,"tailPriorityWeight":3.89,"trapAvoidanceWeight":23.47,"spaceThreshold":19}
5,296.96,7.0,29.0,0.11,{"foodWeight":7.78,"aggressionWeight":4.65,"tailPriorityWeight":4.01,"trapAvoidanceWeight":22.67,"spaceThreshold":20}
6,326.30,7.0,27.0,0.04,{"foodWeight":6.66,"aggressionWeight":5.17,"tailPriorityWeight":3.71,"trapAvoidanceWeight":24.38,"spaceThreshold":20}
7,289.10,6.0,31.0,0.08,{"foodWeight":7.88,"aggressionWeight":4.63,"tailPriorityWeight":4.12,"trapAvoidanceWeight":24.91,"spaceThreshold":20}
8,352.24,13.0,27.0,0.07,{"foodWeight":7.87,"aggressionWeight":4.9,"tailPriorityWeight":4.15,"trapAvoidanceWeight":23.62,"spaceThreshold":19}
9,316.61,9.0,30.0,0.09,{"foodWeight":7.85,"aggressionWeight":4.49,"tailPriorityWeight":4.1,"trapAvoidanceWeight":25.07,"spaceThreshold":20}
10,323.42,8.0,29.0,0.10,{"foodWeight":7.39,"aggressionWeight":4.72,"tailPriorityWeight":4.27,"trapAvoidanceWeight":26.72,"spaceThreshold":20}
11,328.22,11.0,32.0,0.10,{"foodWeight":7.61,"aggressionWeight":4.95,"tailPriorityWeight":4.07,"trapAvoidanceWeight":25.84,"spaceThreshold":20}
12,324.07,7.0,32.0,0.07,{"foodWeight":7.21,"aggressionWeight":4.65,"tailPriorityWeight":3.79,"trapAvoidanceWeight":25.02,"spaceThreshold":20}
13,323.82,9.0,36.0,0.09,{"foodWeight":7.37,"aggressionWeight":4.88,"tailPriorityWeight":3.93,"trapAvoidanceWeight":23.6,"spaceThreshold":20}
14,326.64,9.0,28.0,0.06,{"foodWeight":7.02,"aggressionWeight":5.18,"tailPriorityWeight":3.94,"trapAvoidanceWeight":25.91,"spaceThreshold":20}
15,333.20,8.0,35.0,0.05,{"foodWeight":7.29,"aggressionWeight":5.03,"tailPriorityWeight":3.92,"trapAvoidanceWeight":24.38,"spaceThreshold":19}
16,346.99,14.0,32.0,0.04,{"foodWeight":7.63,"aggressionWeight":4.85,"tailPriorityWeight":4.11,"trapAvoidanceWeight":21.97,"spaceThreshold":20}
17,323.20,8.0,29.0,0.06,{"foodWeight":7.31,"aggressionWeight":4.5,"tailPriorityWeight":4.14,"trapAvoidanceWeight":23.56,"spaceThreshold":20}
18,309.71,8.0,27.0,0.07,{"foodWeight":8.05,"aggressionWeight":4.74,"tailPriorityWeight":4.31,"trapAvoidanceWeight":25.96,"spaceThreshold":20}
19,314.73,10.0,27.0,0.07,{"foodWeight":7.75,"aggressionWeight":4.74,"tailPriorityWeight":4.12,"trapAvoidanceWeight":24.14,"spaceThreshold":19}
20,319.76,10.0,27.0,0.07,{"foodWeight":7.47,"aggressionWeight":5.12,"tailPriorityWeight":3.72,"trapAvoidanceWeight":25.2,"spaceThreshold":19}
21,302.57,6.0,25.0,0.13,{"foodWeight":7.18,"aggressionWeight":5.41,"tailPriorityWeight":3.71,"trapAvoidanceWeight":25.36,"spaceThreshold":19}
22,314.71,5.0,35.0,0.04,{"foodWeight":7.93,"aggressionWeight":5.26,"tailPriorityWeight":4.43,"trapAvoidanceWeight":26.61,"spaceThreshold":20}
23,338.32,11.0,34.0,0.04,{"foodWeight":6.9,"aggressionWeight":5.05,"tailPriorityWeight":4.05,"trapAvoidanceWeight":22.8,"spaceThreshold":20}
24,312.88,9.0,27.0,0.06,{"foodWeight":7.58,"aggressionWeight":5.14,"tailPriorityWeight":4.32,"trapAvoidanceWeight":24.61,"spaceThreshold":20}
25,336.15,10.0,20.0,0.09,{"foodWeight":6.84,"aggressionWeight":5.23,"tailPriorityWeight":3.83,"trapAvoidanceWeight":24.96,"spaceThreshold":20}
26,311.31,8.0,31.0,0.07,{"foodWeight":7.59,"aggressionWeight":4.77,"tailPriorityWeight":4.3,"trapAvoidanceWeight":22.62,"spaceThreshold":19}
27,315.22,9.0,23.0,0.08,{"foodWeight":7.6,"aggressionWeight":5.48,"tailPriorityWeight":4.2,"trapAvoidanceWeight":26.76,"spaceThreshold":20}
28,307.23,8.0,26.0,0.05,{"foodWeight":7.48,"aggressionWeight":4.96,"tailPriorityWeight":4.11,"trapAvoidanceWeight":22.11,"spaceThreshold":20}
29,326.36,10.0,32.0,0.06,{"foodWeight":7.31,"aggressionWeight":5.11,"tailPriorityWeight":4.1,"trapAvoidanceWeight":25.54,"spaceThreshold":20}
30,314.66,5.0,37.0,0.08,{"foodWeight":7.44,"aggressionWeight":4.95,"tailPriorityWeight":4.44,"trapAvoidanceWeight":24.18,"spaceThreshold":20}
0,-9999,NaN,NaN,NaN,0,{"foodWeight":8.34,"aggressionWeight":3.56,"tailPriorityWeight":3.69,"trapAvoidanceWeight":29.94,"spaceThreshold":19}
1,-9999,NaN,NaN,NaN,0,{"foodWeight":8.29,"aggressionWeight":3.58,"tailPriorityWeight":3.71,"trapAvoidanceWeight":30.09,"spaceThreshold":19}
2,-9999,NaN,NaN,NaN,0,{"foodWeight":8.62,"aggressionWeight":3.47,"tailPriorityWeight":3.53,"trapAvoidanceWeight":27.24,"spaceThreshold":19}
3,-9999,NaN,NaN,NaN,0,{"foodWeight":8.49,"aggressionWeight":3.91,"tailPriorityWeight":3.98,"trapAvoidanceWeight":30.76,"spaceThreshold":19}
4,-9999,NaN,NaN,NaN,0,{"foodWeight":7.91,"aggressionWeight":3.22,"tailPriorityWeight":3.61,"trapAvoidanceWeight":30.88,"spaceThreshold":20}
5,-9999,NaN,NaN,NaN,0,{"foodWeight":8.83,"aggressionWeight":3.56,"tailPriorityWeight":3.73,"trapAvoidanceWeight":31.7,"spaceThreshold":20}
6,-9999,NaN,NaN,NaN,0,{"foodWeight":8.43,"aggressionWeight":3.26,"tailPriorityWeight":3.67,"trapAvoidanceWeight":27.9,"spaceThreshold":20}
7,-9999,NaN,NaN,NaN,0,{"foodWeight":7.74,"aggressionWeight":3.52,"tailPriorityWeight":3.75,"trapAvoidanceWeight":30.05,"spaceThreshold":20}
8,-9999,NaN,NaN,NaN,0,{"foodWeight":7.89,"aggressionWeight":3.53,"tailPriorityWeight":4.01,"trapAvoidanceWeight":28.38,"spaceThreshold":19}
9,-9999,NaN,NaN,NaN,0,{"foodWeight":8.96,"aggressionWeight":3.72,"tailPriorityWeight":3.94,"trapAvoidanceWeight":30.6,"spaceThreshold":19}
10,-9999,NaN,NaN,NaN,0,{"foodWeight":7.68,"aggressionWeight":3.86,"tailPriorityWeight":3.6,"trapAvoidanceWeight":30.19,"spaceThreshold":20}
11,-9999,NaN,NaN,NaN,0,{"foodWeight":8.28,"aggressionWeight":3.31,"tailPriorityWeight":3.59,"trapAvoidanceWeight":29.16,"spaceThreshold":19}
12,-9999,NaN,NaN,NaN,0,{"foodWeight":7.91,"aggressionWeight":3.38,"tailPriorityWeight":3.63,"trapAvoidanceWeight":32.73,"spaceThreshold":18}
13,-9999,NaN,NaN,NaN,0,{"foodWeight":9.13,"aggressionWeight":3.49,"tailPriorityWeight":3.56,"trapAvoidanceWeight":28.53,"spaceThreshold":20}
14,-9999,NaN,NaN,NaN,0,{"foodWeight":8.42,"aggressionWeight":3.88,"tailPriorityWeight":4,"trapAvoidanceWeight":31.47,"spaceThreshold":19}
15,-9999,NaN,NaN,NaN,0,{"foodWeight":8.64,"aggressionWeight":3.52,"tailPriorityWeight":3.7,"trapAvoidanceWeight":32.37,"spaceThreshold":19}
16,-9999,NaN,NaN,NaN,0,{"foodWeight":7.73,"aggressionWeight":3.33,"tailPriorityWeight":3.95,"trapAvoidanceWeight":28.76,"spaceThreshold":19}
17,-9999,NaN,NaN,NaN,0,{"foodWeight":7.79,"aggressionWeight":3.41,"tailPriorityWeight":4.04,"trapAvoidanceWeight":31.61,"spaceThreshold":20}
18,-9999,NaN,NaN,NaN,0,{"foodWeight":8.47,"aggressionWeight":3.58,"tailPriorityWeight":3.4,"trapAvoidanceWeight":30.84,"spaceThreshold":19}
19,-9999,NaN,NaN,NaN,0,{"foodWeight":8.11,"aggressionWeight":3.66,"tailPriorityWeight":3.92,"trapAvoidanceWeight":30.18,"spaceThreshold":19}
20,-9999,NaN,NaN,NaN,0,{"foodWeight":8.49,"aggressionWeight":3.36,"tailPriorityWeight":3.69,"trapAvoidanceWeight":30.54,"spaceThreshold":19}
21,-9999,NaN,NaN,NaN,0,{"foodWeight":8.12,"aggressionWeight":3.66,"tailPriorityWeight":3.54,"trapAvoidanceWeight":31.81,"spaceThreshold":19}
22,-9999,NaN,NaN,NaN,0,{"foodWeight":8.91,"aggressionWeight":3.83,"tailPriorityWeight":3.36,"trapAvoidanceWeight":31.81,"spaceThreshold":19}
23,-9999,NaN,NaN,NaN,0,{"foodWeight":8.34,"aggressionWeight":3.42,"tailPriorityWeight":3.51,"trapAvoidanceWeight":28.5,"spaceThreshold":20}
24,-9999,NaN,NaN,NaN,0,{"foodWeight":7.7,"aggressionWeight":3.22,"tailPriorityWeight":3.39,"trapAvoidanceWeight":29.87,"spaceThreshold":19}
25,-9999,NaN,NaN,NaN,0,{"foodWeight":8.61,"aggressionWeight":3.56,"tailPriorityWeight":3.9,"trapAvoidanceWeight":28.12,"spaceThreshold":18}
26,-9999,NaN,NaN,NaN,0,{"foodWeight":8.83,"aggressionWeight":3.21,"tailPriorityWeight":3.73,"trapAvoidanceWeight":31.2,"spaceThreshold":19}
27,-9999,NaN,NaN,NaN,0,{"foodWeight":7.98,"aggressionWeight":3.89,"tailPriorityWeight":3.37,"trapAvoidanceWeight":32.28,"spaceThreshold":19}
28,-9999,NaN,NaN,NaN,0,{"foodWeight":8.7,"aggressionWeight":3.81,"tailPriorityWeight":3.82,"trapAvoidanceWeight":27.11,"spaceThreshold":18}
29,-9999,NaN,NaN,NaN,0,{"foodWeight":8.55,"aggressionWeight":3.5,"tailPriorityWeight":3.57,"trapAvoidanceWeight":27.37,"spaceThreshold":19}
0,-9999,NaN,NaN,NaN,0,{"foodWeight":9.48,"aggressionWeight":3.68,"tailPriorityWeight":3.19,"trapAvoidanceWeight":27.68,"spaceThreshold":18}
1,-9999,NaN,NaN,NaN,0,{"foodWeight":9.79,"aggressionWeight":3.87,"tailPriorityWeight":2.98,"trapAvoidanceWeight":25.47,"spaceThreshold":18}
2,-9999,NaN,NaN,NaN,0,{"foodWeight":8.84,"aggressionWeight":3.57,"tailPriorityWeight":3.42,"trapAvoidanceWeight":29.71,"spaceThreshold":18}
3,-9999,NaN,NaN,NaN,0,{"foodWeight":8.91,"aggressionWeight":3.34,"tailPriorityWeight":2.89,"trapAvoidanceWeight":27.7,"spaceThreshold":18}
4,-9999,NaN,NaN,NaN,0,{"foodWeight":8.9,"aggressionWeight":3.34,"tailPriorityWeight":2.95,"trapAvoidanceWeight":25.83,"spaceThreshold":19}
5,-9999,NaN,NaN,NaN,0,{"foodWeight":9.69,"aggressionWeight":3.5,"tailPriorityWeight":3.23,"trapAvoidanceWeight":25.92,"spaceThreshold":18}
6,-9999,NaN,NaN,NaN,0,{"foodWeight":9.43,"aggressionWeight":3.32,"tailPriorityWeight":3.07,"trapAvoidanceWeight":30.17,"spaceThreshold":18}
7,-9999,NaN,NaN,NaN,0,{"foodWeight":10.37,"aggressionWeight":3.55,"tailPriorityWeight":3.17,"trapAvoidanceWeight":26.31,"spaceThreshold":17}
8,-9999,NaN,NaN,NaN,0,{"foodWeight":10.05,"aggressionWeight":3.95,"tailPriorityWeight":2.92,"trapAvoidanceWeight":29.94,"spaceThreshold":18}
9,-9999,NaN,NaN,NaN,0,{"foodWeight":9.36,"aggressionWeight":4.04,"tailPriorityWeight":2.93,"trapAvoidanceWeight":26.57,"spaceThreshold":19}
10,-9999,NaN,NaN,NaN,0,{"foodWeight":8.78,"aggressionWeight":3.63,"tailPriorityWeight":3,"trapAvoidanceWeight":26.47,"spaceThreshold":17}
11,-9999,NaN,NaN,NaN,0,{"foodWeight":9.96,"aggressionWeight":3.49,"tailPriorityWeight":3.22,"trapAvoidanceWeight":27.91,"spaceThreshold":17}
12,-9999,NaN,NaN,NaN,0,{"foodWeight":8.75,"aggressionWeight":3.96,"tailPriorityWeight":3.09,"trapAvoidanceWeight":30.04,"spaceThreshold":18}
13,-9999,NaN,NaN,NaN,0,{"foodWeight":9.16,"aggressionWeight":3.64,"tailPriorityWeight":3.43,"trapAvoidanceWeight":30.09,"spaceThreshold":18}
14,-9999,NaN,NaN,NaN,0,{"foodWeight":8.71,"aggressionWeight":4,"tailPriorityWeight":2.99,"trapAvoidanceWeight":28.78,"spaceThreshold":19}
15,-9999,NaN,NaN,NaN,0,{"foodWeight":8.56,"aggressionWeight":3.36,"tailPriorityWeight":3.04,"trapAvoidanceWeight":25.21,"spaceThreshold":17}
16,-9999,NaN,NaN,NaN,0,{"foodWeight":8.58,"aggressionWeight":3.68,"tailPriorityWeight":3.31,"trapAvoidanceWeight":25.41,"spaceThreshold":18}
17,-9999,NaN,NaN,NaN,0,{"foodWeight":9.21,"aggressionWeight":3.8,"tailPriorityWeight":3.23,"trapAvoidanceWeight":24.93,"spaceThreshold":17}
18,-9999,NaN,NaN,NaN,0,{"foodWeight":8.97,"aggressionWeight":3.6,"tailPriorityWeight":2.94,"trapAvoidanceWeight":28.47,"spaceThreshold":19}
19,-9999,NaN,NaN,NaN,0,{"foodWeight":9.34,"aggressionWeight":3.44,"tailPriorityWeight":2.97,"trapAvoidanceWeight":25.91,"spaceThreshold":18}
20,-9999,NaN,NaN,NaN,0,{"foodWeight":8.87,"aggressionWeight":3.88,"tailPriorityWeight":3.38,"trapAvoidanceWeight":29.6,"spaceThreshold":18}
21,-9999,NaN,NaN,NaN,0,{"foodWeight":8.71,"aggressionWeight":3.83,"tailPriorityWeight":2.96,"trapAvoidanceWeight":28.99,"spaceThreshold":19}
22,-9999,NaN,NaN,NaN,0,{"foodWeight":9.93,"aggressionWeight":4.01,"tailPriorityWeight":3.48,"trapAvoidanceWeight":29.38,"spaceThreshold":18}
23,-9999,NaN,NaN,NaN,0,{"foodWeight":9.6,"aggressionWeight":3.44,"tailPriorityWeight":3.36,"trapAvoidanceWeight":26.12,"spaceThreshold":18}
24,-9999,NaN,NaN,NaN,0,{"foodWeight":9.82,"aggressionWeight":4.05,"tailPriorityWeight":3.32,"trapAvoidanceWeight":30.28,"spaceThreshold":18}
25,-9999,NaN,NaN,NaN,0,{"foodWeight":9.07,"aggressionWeight":3.75,"tailPriorityWeight":3.46,"trapAvoidanceWeight":29.05,"spaceThreshold":19}
26,-9999,NaN,NaN,NaN,0,{"foodWeight":9.17,"aggressionWeight":3.8,"tailPriorityWeight":3.49,"trapAvoidanceWeight":29.67,"spaceThreshold":18}
27,-9999,NaN,NaN,NaN,0,{"foodWeight":9.63,"aggressionWeight":3.38,"tailPriorityWeight":3.21,"trapAvoidanceWeight":25.79,"spaceThreshold":18}
28,-9999,NaN,NaN,NaN,0,{"foodWeight":9.46,"aggressionWeight":3.5,"tailPriorityWeight":3.03,"trapAvoidanceWeight":26.06,"spaceThreshold":17}
29,-9999,NaN,NaN,NaN,0,{"foodWeight":9.81,"aggressionWeight":3.81,"tailPriorityWeight":3.28,"trapAvoidanceWeight":25.99,"spaceThreshold":18}
0,-9999,NaN,NaN,NaN,0,{"foodWeight":8.5,"aggressionWeight":3.81,"tailPriorityWeight":3.25,"trapAvoidanceWeight":28.17,"spaceThreshold":19}
1,-9999,NaN,NaN,NaN,0,{"foodWeight":8.58,"aggressionWeight":3.85,"tailPriorityWeight":3.38,"trapAvoidanceWeight":30.57,"spaceThreshold":20}
2,-9999,NaN,NaN,NaN,0,{"foodWeight":7.66,"aggressionWeight":3.58,"tailPriorityWeight":3.49,"trapAvoidanceWeight":25.83,"spaceThreshold":19}
3,-9999,NaN,NaN,NaN,0,{"foodWeight":8.67,"aggressionWeight":3.52,"tailPriorityWeight":3.37,"trapAvoidanceWeight":26.13,"spaceThreshold":18}
4,-9999,NaN,NaN,NaN,0,{"foodWeight":8.98,"aggressionWeight":3.44,"tailPriorityWeight":3.48,"trapAvoidanceWeight":30.93,"spaceThreshold":20}
5,-9999,NaN,NaN,NaN,0,{"foodWeight":8.41,"aggressionWeight":3.56,"tailPriorityWeight":3.4,"trapAvoidanceWeight":25.84,"spaceThreshold":19}
6,-9999,NaN,NaN,NaN,0,{"foodWeight":7.94,"aggressionWeight":3.82,"tailPriorityWeight":3.28,"trapAvoidanceWeight":28.41,"spaceThreshold":20}
7,-9999,NaN,NaN,NaN,0,{"foodWeight":7.86,"aggressionWeight":3.77,"tailPriorityWeight":3.45,"trapAvoidanceWeight":29.82,"spaceThreshold":19}
8,-9999,NaN,NaN,NaN,0,{"foodWeight":8.8,"aggressionWeight":3.69,"tailPriorityWeight":3.26,"trapAvoidanceWeight":29.41,"spaceThreshold":20}
9,-9999,NaN,NaN,NaN,0,{"foodWeight":7.71,"aggressionWeight":4.09,"tailPriorityWeight":3.02,"trapAvoidanceWeight":30.94,"spaceThreshold":19}
10,-9999,NaN,NaN,NaN,0,{"foodWeight":8.52,"aggressionWeight":3.62,"tailPriorityWeight":3.15,"trapAvoidanceWeight":28.41,"spaceThreshold":19}
11,-9999,NaN,NaN,NaN,0,{"foodWeight":8.34,"aggressionWeight":3.97,"tailPriorityWeight":3.32,"trapAvoidanceWeight":29.53,"spaceThreshold":19}
12,-9999,NaN,NaN,NaN,0,{"foodWeight":8.91,"aggressionWeight":3.51,"tailPriorityWeight":3.07,"trapAvoidanceWeight":25.41,"spaceThreshold":19}
13,-9999,NaN,NaN,NaN,0,{"foodWeight":8.03,"aggressionWeight":3.91,"tailPriorityWeight":2.95,"trapAvoidanceWeight":27.79,"spaceThreshold":19}
14,-9999,NaN,NaN,NaN,0,{"foodWeight":8.67,"aggressionWeight":4.14,"tailPriorityWeight":3.02,"trapAvoidanceWeight":27.26,"spaceThreshold":19}
15,-9999,NaN,NaN,NaN,0,{"foodWeight":8.51,"aggressionWeight":3.76,"tailPriorityWeight":3.31,"trapAvoidanceWeight":26.62,"spaceThreshold":19}
16,-9999,NaN,NaN,NaN,0,{"foodWeight":9.2,"aggressionWeight":3.93,"tailPriorityWeight":3.22,"trapAvoidanceWeight":28.22,"spaceThreshold":18}
17,-9999,NaN,NaN,NaN,0,{"foodWeight":8.42,"aggressionWeight":3.78,"tailPriorityWeight":3.22,"trapAvoidanceWeight":26.31,"spaceThreshold":20}
18,-9999,NaN,NaN,NaN,0,{"foodWeight":9.06,"aggressionWeight":4.05,"tailPriorityWeight":3.56,"trapAvoidanceWeight":27.68,"spaceThreshold":20}
19,-9999,NaN,NaN,NaN,0,{"foodWeight":8.92,"aggressionWeight":3.71,"tailPriorityWeight":3.23,"trapAvoidanceWeight":27.1,"spaceThreshold":18}
20,-9999,NaN,NaN,NaN,0,{"foodWeight":8.21,"aggressionWeight":4,"tailPriorityWeight":3.52,"trapAvoidanceWeight":27.12,"spaceThreshold":20}
21,-9999,NaN,NaN,NaN,0,{"foodWeight":8.16,"aggressionWeight":3.44,"tailPriorityWeight":3.02,"trapAvoidanceWeight":27.31,"spaceThreshold":19}
22,-9999,NaN,NaN,NaN,0,{"foodWeight":8.5,"aggressionWeight":4.03,"tailPriorityWeight":3.03,"trapAvoidanceWeight":29.36,"spaceThreshold":20}
23,-9999,NaN,NaN,NaN,0,{"foodWeight":8.37,"aggressionWeight":3.55,"tailPriorityWeight":3.16,"trapAvoidanceWeight":30.49,"spaceThreshold":20}
24,-9999,NaN,NaN,NaN,0,{"foodWeight":9.18,"aggressionWeight":3.77,"tailPriorityWeight":3.01,"trapAvoidanceWeight":29.01,"spaceThreshold":18}
25,-9999,NaN,NaN,NaN,0,{"foodWeight":8.42,"aggressionWeight":4.18,"tailPriorityWeight":2.96,"trapAvoidanceWeight":26.79,"spaceThreshold":20}
26,-9999,NaN,NaN,NaN,0,{"foodWeight":8.78,"aggressionWeight":3.81,"tailPriorityWeight":3.33,"trapAvoidanceWeight":27.49,"spaceThreshold":20}
27,-9999,NaN,NaN,NaN,0,{"foodWeight":9.15,"aggressionWeight":3.94,"tailPriorityWeight":3.03,"trapAvoidanceWeight":26.38,"spaceThreshold":20}
28,-9999,NaN,NaN,NaN,0,{"foodWeight":8.11,"aggressionWeight":3.87,"tailPriorityWeight":3.55,"trapAvoidanceWeight":26.87,"spaceThreshold":18}
29,-9999,NaN,NaN,NaN,0,{"foodWeight":8.44,"aggressionWeight":4.13,"tailPriorityWeight":3.53,"trapAvoidanceWeight":28.76,"spaceThreshold":19}
0,-9999,NaN,NaN,NaN,0,{"foodWeight":9.79,"aggressionWeight":3.79,"tailPriorityWeight":3.24,"trapAvoidanceWeight":26.52,"spaceThreshold":18}
1,-9999,NaN,NaN,NaN,0,{"foodWeight":10.59,"aggressionWeight":3.52,"tailPriorityWeight":3.35,"trapAvoidanceWeight":27.32,"spaceThreshold":19}
2,-9999,NaN,NaN,NaN,0,{"foodWeight":10.68,"aggressionWeight":3.67,"tailPriorityWeight":2.95,"trapAvoidanceWeight":26.87,"spaceThreshold":18}
3,-9999,NaN,NaN,NaN,0,{"foodWeight":10.14,"aggressionWeight":4.13,"tailPriorityWeight":3.1,"trapAvoidanceWeight":23.91,"spaceThreshold":18}
4,-9999,NaN,NaN,NaN,0,{"foodWeight":9.34,"aggressionWeight":3.82,"tailPriorityWeight":3.47,"trapAvoidanceWeight":24.47,"spaceThreshold":18}
5,-9999,NaN,NaN,NaN,0,{"foodWeight":10.41,"aggressionWeight":3.72,"tailPriorityWeight":3.11,"trapAvoidanceWeight":24.12,"spaceThreshold":18}
6,-9999,NaN,NaN,NaN,0,{"foodWeight":10.21,"aggressionWeight":3.75,"tailPriorityWeight":3.21,"trapAvoidanceWeight":27.14,"spaceThreshold":18}
7,-9999,NaN,NaN,NaN,0,{"foodWeight":10.69,"aggressionWeight":3.68,"tailPriorityWeight":3,"trapAvoidanceWeight":26.53,"spaceThreshold":18}
8,-9999,NaN,NaN,NaN,0,{"foodWeight":8.91,"aggressionWeight":3.45,"tailPriorityWeight":3.4,"trapAvoidanceWeight":26.73,"spaceThreshold":19}
9,-9999,NaN,NaN,NaN,0,{"foodWeight":10.12,"aggressionWeight":4.09,"tailPriorityWeight":3.34,"trapAvoidanceWeight":29.02,"spaceThreshold":17}
10,-9999,NaN,NaN,NaN,0,{"foodWeight":9.17,"aggressionWeight":4.13,"tailPriorityWeight":3.5,"trapAvoidanceWeight":28.7,"spaceThreshold":17}
11,-9999,NaN,NaN,NaN,0,{"foodWeight":9.54,"aggressionWeight":3.9,"tailPriorityWeight":3.56,"trapAvoidanceWeight":24.74,"spaceThreshold":17}
12,-9999,NaN,NaN,NaN,0,{"foodWeight":10.08,"aggressionWeight":3.5,"tailPriorityWeight":3.4,"trapAvoidanceWeight":25.21,"spaceThreshold":17}
13,-9999,NaN,NaN,NaN,0,{"foodWeight":10.26,"aggressionWeight":4.03,"tailPriorityWeight":2.97,"trapAvoidanceWeight":26.61,"spaceThreshold":17}
14,-9999,NaN,NaN,NaN,0,{"foodWeight":10.01,"aggressionWeight":3.78,"tailPriorityWeight":3.25,"trapAvoidanceWeight":26.63,"spaceThreshold":19}
15,-9999,NaN,NaN,NaN,0,{"foodWeight":9.65,"aggressionWeight":3.7,"tailPriorityWeight":3.07,"trapAvoidanceWeight":26.17,"spaceThreshold":19}
16,-9999,NaN,NaN,NaN,0,{"foodWeight":10.3,"aggressionWeight":3.82,"tailPriorityWeight":3.37,"trapAvoidanceWeight":25.28,"spaceThreshold":19}
17,-9999,NaN,NaN,NaN,0,{"foodWeight":10.4,"aggressionWeight":3.48,"tailPriorityWeight":3.22,"trapAvoidanceWeight":28.89,"spaceThreshold":18}
18,-9999,NaN,NaN,NaN,0,{"foodWeight":8.88,"aggressionWeight":3.68,"tailPriorityWeight":3.51,"trapAvoidanceWeight":25.13,"spaceThreshold":18}
19,-9999,NaN,NaN,NaN,0,{"foodWeight":9.09,"aggressionWeight":3.46,"tailPriorityWeight":3.01,"trapAvoidanceWeight":28.88,"spaceThreshold":17}
20,-9999,NaN,NaN,NaN,0,{"foodWeight":10.27,"aggressionWeight":3.97,"tailPriorityWeight":2.94,"trapAvoidanceWeight":24.99,"spaceThreshold":19}
21,-9999,NaN,NaN,NaN,0,{"foodWeight":9.5,"aggressionWeight":3.49,"tailPriorityWeight":3.25,"trapAvoidanceWeight":26.74,"spaceThreshold":18}
22,-9999,NaN,NaN,NaN,0,{"foodWeight":10.05,"aggressionWeight":3.74,"tailPriorityWeight":3.29,"trapAvoidanceWeight":28.56,"spaceThreshold":18}
23,-9999,NaN,NaN,NaN,0,{"foodWeight":10.54,"aggressionWeight":4.02,"tailPriorityWeight":2.99,"trapAvoidanceWeight":29.12,"spaceThreshold":18}
24,-9999,NaN,NaN,NaN,0,{"foodWeight":9.46,"aggressionWeight":3.42,"tailPriorityWeight":3.53,"trapAvoidanceWeight":24.43,"spaceThreshold":18}
25,-9999,NaN,NaN,NaN,0,{"foodWeight":8.96,"aggressionWeight":3.47,"tailPriorityWeight":3.05,"trapAvoidanceWeight":28.31,"spaceThreshold":18}
26,-9999,NaN,NaN,NaN,0,{"foodWeight":10.24,"aggressionWeight":3.53,"tailPriorityWeight":3.36,"trapAvoidanceWeight":26.3,"spaceThreshold":18}
27,-9999,NaN,NaN,NaN,0,{"foodWeight":9.27,"aggressionWeight":3.61,"tailPriorityWeight":3.32,"trapAvoidanceWeight":27.82,"spaceThreshold":19}
28,-9999,NaN,NaN,NaN,0,{"foodWeight":10.09,"aggressionWeight":4.15,"tailPriorityWeight":3.13,"trapAvoidanceWeight":25.66,"spaceThreshold":18}
29,-9999,NaN,NaN,NaN,0,{"foodWeight":9.03,"aggressionWeight":4.07,"tailPriorityWeight":3.38,"trapAvoidanceWeight":27.66,"spaceThreshold":18}
0,-9999,NaN,NaN,NaN,0,{"foodWeight":10.45,"aggressionWeight":3.92,"tailPriorityWeight":3.14,"trapAvoidanceWeight":27.96,"spaceThreshold":19}
1,-9999,NaN,NaN,NaN,0,{"foodWeight":10.18,"aggressionWeight":4.19,"tailPriorityWeight":3.32,"trapAvoidanceWeight":29.72,"spaceThreshold":18}
2,-9999,NaN,NaN,NaN,0,{"foodWeight":10.12,"aggressionWeight":4.04,"tailPriorityWeight":3.4,"trapAvoidanceWeight":25.26,"spaceThreshold":18}
3,-9999,NaN,NaN,NaN,0,{"foodWeight":10.26,"aggressionWeight":3.69,"tailPriorityWeight":3.02,"trapAvoidanceWeight":26.74,"spaceThreshold":19}
4,-9999,NaN,NaN,NaN,0,{"foodWeight":10.61,"aggressionWeight":3.75,"tailPriorityWeight":3.17,"trapAvoidanceWeight":27.91,"spaceThreshold":19}
5,-9999,NaN,NaN,NaN,0,{"foodWeight":11.16,"aggressionWeight":3.86,"tailPriorityWeight":3.34,"trapAvoidanceWeight":28.25,"spaceThreshold":18}
6,-9999,NaN,NaN,NaN,0,{"foodWeight":10.03,"aggressionWeight":3.74,"tailPriorityWeight":2.92,"trapAvoidanceWeight":29.63,"spaceThreshold":19}
7,-9999,NaN,NaN,NaN,0,{"foodWeight":10.19,"aggressionWeight":4.16,"tailPriorityWeight":3.23,"trapAvoidanceWeight":29.15,"spaceThreshold":20}
8,-9999,NaN,NaN,NaN,0,{"foodWeight":10.02,"aggressionWeight":3.98,"tailPriorityWeight":3.1,"trapAvoidanceWeight":28.54,"spaceThreshold":20}
9,-9999,NaN,NaN,NaN,0,{"foodWeight":10.74,"aggressionWeight":3.82,"tailPriorityWeight":2.89,"trapAvoidanceWeight":29.42,"spaceThreshold":19}
10,-9999,NaN,NaN,NaN,0,{"foodWeight":11.14,"aggressionWeight":4.13,"tailPriorityWeight":2.84,"trapAvoidanceWeight":26.16,"spaceThreshold":19}
11,-9999,NaN,NaN,NaN,0,{"foodWeight":10.4,"aggressionWeight":3.57,"tailPriorityWeight":3.39,"trapAvoidanceWeight":29.69,"spaceThreshold":20}
12,-9999,NaN,NaN,NaN,0,{"foodWeight":10.16,"aggressionWeight":3.89,"tailPriorityWeight":2.99,"trapAvoidanceWeight":28.28,"spaceThreshold":20}
13,-9999,NaN,NaN,NaN,0,{"foodWeight":11.4,"aggressionWeight":3.8,"tailPriorityWeight":3.37,"trapAvoidanceWeight":30.03,"spaceThreshold":18}
14,-9999,NaN,NaN,NaN,0,{"foodWeight":9.59,"aggressionWeight":3.75,"tailPriorityWeight":3.36,"trapAvoidanceWeight":28.33,"spaceThreshold":19}
15,-9999,NaN,NaN,NaN,0,{"foodWeight":11.42,"aggressionWeight":4.26,"tailPriorityWeight":3.2,"trapAvoidanceWeight":26.25,"spaceThreshold":20}
16,-9999,NaN,NaN,NaN,0,{"foodWeight":9.86,"aggressionWeight":3.61,"tailPriorityWeight":3.13,"trapAvoidanceWeight":26.93,"spaceThreshold":20}
17,-9999,NaN,NaN,NaN,0,{"foodWeight":10.25,"aggressionWeight":3.81,"tailPriorityWeight":3.21,"trapAvoidanceWeight":27.5,"spaceThreshold":19}
18,-9999,NaN,NaN,NaN,0,{"foodWeight":10.03,"aggressionWeight":4.28,"tailPriorityWeight":2.94,"trapAvoidanceWeight":26.03,"spaceThreshold":18}
19,-9999,NaN,NaN,NaN,0,{"foodWeight":9.46,"aggressionWeight":4.18,"tailPriorityWeight":2.96,"trapAvoidanceWeight":25.4,"spaceThreshold":19}
20,-9999,NaN,NaN,NaN,0,{"foodWeight":9.78,"aggressionWeight":3.84,"tailPriorityWeight":3.27,"trapAvoidanceWeight":28.47,"spaceThreshold":19}
21,-9999,NaN,NaN,NaN,0,{"foodWeight":9.61,"aggressionWeight":3.8,"tailPriorityWeight":3.27,"trapAvoidanceWeight":29.06,"spaceThreshold":19}
22,-9999,NaN,NaN,NaN,0,{"foodWeight":9.82,"aggressionWeight":4.18,"tailPriorityWeight":3.13,"trapAvoidanceWeight":28.25,"spaceThreshold":18}
23,-9999,NaN,NaN,NaN,0,{"foodWeight":9.48,"aggressionWeight":4.29,"tailPriorityWeight":3.11,"trapAvoidanceWeight":29.76,"spaceThreshold":18}
24,-9999,NaN,NaN,NaN,0,{"foodWeight":9.9,"aggressionWeight":3.89,"tailPriorityWeight":3.34,"trapAvoidanceWeight":28.12,"spaceThreshold":19}
25,-9999,NaN,NaN,NaN,0,{"foodWeight":9.8,"aggressionWeight":3.95,"tailPriorityWeight":2.85,"trapAvoidanceWeight":29.46,"spaceThreshold":19}
26,-9999,NaN,NaN,NaN,0,{"foodWeight":11.4,"aggressionWeight":3.82,"tailPriorityWeight":2.94,"trapAvoidanceWeight":26.93,"spaceThreshold":20}
27,-9999,NaN,NaN,NaN,0,{"foodWeight":10.19,"aggressionWeight":4.27,"tailPriorityWeight":3.39,"trapAvoidanceWeight":25.4,"spaceThreshold":19}
28,-9999,NaN,NaN,NaN,0,{"foodWeight":9.88,"aggressionWeight":3.55,"tailPriorityWeight":2.89,"trapAvoidanceWeight":25.54,"spaceThreshold":19}
29,-9999,NaN,NaN,NaN,0,{"foodWeight":10.94,"aggressionWeight":4.02,"tailPriorityWeight":3.31,"trapAvoidanceWeight":28.92,"spaceThreshold":19}
0,327,10,0,0.11,56,{"foodWeight":10.25,"aggressionWeight":4.14,"tailPriorityWeight":3.05,"trapAvoidanceWeight":27.99,"spaceThreshold":20}
1,326,8,0,0.11,70,{"foodWeight":11.22,"aggressionWeight":3.99,"tailPriorityWeight":2.76,"trapAvoidanceWeight":27.67,"spaceThreshold":20}
2,340,9,0,0.03,60,{"foodWeight":9.37,"aggressionWeight":4.32,"tailPriorityWeight":3.08,"trapAvoidanceWeight":29.08,"spaceThreshold":20}
3,291,6,0,0.06,64,{"foodWeight":9.22,"aggressionWeight":4.55,"tailPriorityWeight":2.84,"trapAvoidanceWeight":29.1,"spaceThreshold":19}
4,315,8,0,0.1,70,{"foodWeight":9.59,"aggressionWeight":4.63,"tailPriorityWeight":3.11,"trapAvoidanceWeight":29.13,"spaceThreshold":20}
5,369,12,0,0.08,50,{"foodWeight":10.06,"aggressionWeight":4.64,"tailPriorityWeight":2.82,"trapAvoidanceWeight":29.02,"spaceThreshold":20}
6,314,4,0,0.09,66,{"foodWeight":10.2,"aggressionWeight":4.71,"tailPriorityWeight":3,"trapAvoidanceWeight":30.41,"spaceThreshold":20}
7,334,11,0,0.1,58,{"foodWeight":10.86,"aggressionWeight":4.62,"tailPriorityWeight":2.76,"trapAvoidanceWeight":29.69,"spaceThreshold":20}
8,344,11,0,0.04,62,{"foodWeight":9.83,"aggressionWeight":4.65,"tailPriorityWeight":2.8,"trapAvoidanceWeight":31.71,"spaceThreshold":20}
9,327,8,0,0.06,68,{"foodWeight":9.27,"aggressionWeight":4.99,"tailPriorityWeight":2.71,"trapAvoidanceWeight":31.55,"spaceThreshold":20}
10,324,10,0,0.07,80,{"foodWeight":9.71,"aggressionWeight":5.06,"tailPriorityWeight":2.72,"trapAvoidanceWeight":28.54,"spaceThreshold":20}
11,325,7.000000000000001,0,0.07,68,{"foodWeight":9.44,"aggressionWeight":5.02,"tailPriorityWeight":2.55,"trapAvoidanceWeight":28.32,"spaceThreshold":20}
12,303,6,0,0.05,78,{"foodWeight":10.71,"aggressionWeight":4.91,"tailPriorityWeight":3.08,"trapAvoidanceWeight":31.43,"spaceThreshold":20}
13,297,6,0,0.05,64,{"foodWeight":9.05,"aggressionWeight":4.3,"tailPriorityWeight":3.03,"trapAvoidanceWeight":29.47,"spaceThreshold":20}
14,330,8,0,0.08,68,{"foodWeight":10.84,"aggressionWeight":4.79,"tailPriorityWeight":2.77,"trapAvoidanceWeight":30.39,"spaceThreshold":19}
15,292,7.000000000000001,0,0.05,68,{"foodWeight":10.29,"aggressionWeight":4.73,"tailPriorityWeight":3.07,"trapAvoidanceWeight":27.9,"spaceThreshold":20}
16,329,10,0,0.07,68,{"foodWeight":10.19,"aggressionWeight":4.29,"tailPriorityWeight":2.69,"trapAvoidanceWeight":30.54,"spaceThreshold":20}
17,319,9,0,0.1,70,{"foodWeight":9.69,"aggressionWeight":4.81,"tailPriorityWeight":2.87,"trapAvoidanceWeight":28.19,"spaceThreshold":19}
18,304,7.000000000000001,0,0.08,70,{"foodWeight":10.13,"aggressionWeight":4.34,"tailPriorityWeight":2.99,"trapAvoidanceWeight":27.19,"spaceThreshold":20}
19,290,7.000000000000001,0,0.03,76,{"foodWeight":10.02,"aggressionWeight":4.33,"tailPriorityWeight":2.68,"trapAvoidanceWeight":29.94,"spaceThreshold":19}
20,342,11,0,0.07,72,{"foodWeight":10.4,"aggressionWeight":4.58,"tailPriorityWeight":2.94,"trapAvoidanceWeight":29.62,"spaceThreshold":20}
21,307,7.000000000000001,0,0.06,74,{"foodWeight":9.93,"aggressionWeight":4.41,"tailPriorityWeight":3.05,"trapAvoidanceWeight":30.32,"spaceThreshold":19}
22,335,8,0,0.09,68,{"foodWeight":10.87,"aggressionWeight":4.46,"tailPriorityWeight":2.56,"trapAvoidanceWeight":29.04,"spaceThreshold":19}
23,344,11,0,0.12,74,{"foodWeight":10.09,"aggressionWeight":4.6,"tailPriorityWeight":2.97,"trapAvoidanceWeight":29.03,"spaceThreshold":20}
24,322,8,0,0.06,72,{"foodWeight":9.54,"aggressionWeight":4.51,"tailPriorityWeight":3.09,"trapAvoidanceWeight":29.23,"spaceThreshold":20}
25,321,6,0,0.13,76,{"foodWeight":9.74,"aggressionWeight":4.34,"tailPriorityWeight":2.7,"trapAvoidanceWeight":27.91,"spaceThreshold":20}
26,352,12,0,0.06,68,{"foodWeight":9.18,"aggressionWeight":4.22,"tailPriorityWeight":2.78,"trapAvoidanceWeight":31.73,"spaceThreshold":20}
27,311,12,0,0.08,72,{"foodWeight":10.09,"aggressionWeight":4.52,"tailPriorityWeight":2.89,"trapAvoidanceWeight":29.85,"spaceThreshold":19}
28,350,10,0,0.07,70,{"foodWeight":10.83,"aggressionWeight":4.75,"tailPriorityWeight":3,"trapAvoidanceWeight":27.74,"spaceThreshold":20}
29,340,12,0,0.07,60,{"foodWeight":10.13,"aggressionWeight":4.55,"tailPriorityWeight":3.06,"trapAvoidanceWeight":28.83,"spaceThreshold":20}
0,1384,48,0,0,84,{"foodWeight":12.31,"aggressionWeight":3.03,"tailPriorityWeight":2.9,"trapAvoidanceWeight":20.49,"spaceThreshold":20}
1,1420,50,0,0,80,{"foodWeight":12.3,"aggressionWeight":3.09,"tailPriorityWeight":3.01,"trapAvoidanceWeight":20.05,"spaceThreshold":20}
2,1435,51,0,0,66,{"foodWeight":12.32,"aggressionWeight":3.07,"tailPriorityWeight":3.19,"trapAvoidanceWeight":18.76,"spaceThreshold":20}
3,1468,53,0,0,66,{"foodWeight":11.87,"aggressionWeight":2.87,"tailPriorityWeight":3.44,"trapAvoidanceWeight":18.84,"spaceThreshold":20}
4,1475,54,0,0,80,{"foodWeight":11.34,"aggressionWeight":2.62,"tailPriorityWeight":3.31,"trapAvoidanceWeight":18.32,"spaceThreshold":20}
5,1456,52,0,0,80,{"foodWeight":11.54,"aggressionWeight":2.36,"tailPriorityWeight":3.34,"trapAvoidanceWeight":18.12,"spaceThreshold":19}
6,1336,45,0,0,78,{"foodWeight":11.57,"aggressionWeight":2.78,"tailPriorityWeight":3.01,"trapAvoidanceWeight":17.71,"spaceThreshold":19}
7,1504,55.00000000000001,0,0,74,{"foodWeight":10.81,"aggressionWeight":2.72,"tailPriorityWeight":3.1,"trapAvoidanceWeight":16.85,"spaceThreshold":20}
8,1363,47,0,0,88,{"foodWeight":9.77,"aggressionWeight":2.76,"tailPriorityWeight":3.19,"trapAvoidanceWeight":16.08,"spaceThreshold":19}
9,1566,59,0,0,78,{"foodWeight":10.38,"aggressionWeight":2.8,"tailPriorityWeight":3.22,"trapAvoidanceWeight":15.8,"spaceThreshold":20}
10,1520,56.99999999999999,0,0,78,{"foodWeight":11.39,"aggressionWeight":2.66,"tailPriorityWeight":3.51,"trapAvoidanceWeight":15.99,"spaceThreshold":20}
11,1519,56.00000000000001,0,0,74,{"foodWeight":10.32,"aggressionWeight":3.06,"tailPriorityWeight":3.22,"trapAvoidanceWeight":17.24,"spaceThreshold":20}
12,1495,55.00000000000001,0,0,76,{"foodWeight":10.55,"aggressionWeight":2.7,"tailPriorityWeight":3.03,"trapAvoidanceWeight":16.2,"spaceThreshold":20}
13,1539,56.99999999999999,0,0,72,{"foodWeight":10.18,"aggressionWeight":2.64,"tailPriorityWeight":3.28,"trapAvoidanceWeight":14.34,"spaceThreshold":20}
14,1519,56.00000000000001,0,0,82,{"foodWeight":10.54,"aggressionWeight":2.61,"tailPriorityWeight":3.31,"trapAvoidanceWeight":15.77,"spaceThreshold":19}
15,1582,60,0,0,74,{"foodWeight":9.39,"aggressionWeight":2.74,"tailPriorityWeight":3.05,"trapAvoidanceWeight":15.48,"spaceThreshold":20}
16,1520,56.00000000000001,0,0,70,{"foodWeight":9.93,"aggressionWeight":2.88,"tailPriorityWeight":3.35,"trapAvoidanceWeight":14.76,"spaceThreshold":20}
17,1494,54,0,0,78,{"foodWeight":8.64,"aggressionWeight":2.91,"tailPriorityWeight":3.18,"trapAvoidanceWeight":15.7,"spaceThreshold":20}
18,1361,46,0,0,66,{"foodWeight":8.95,"aggressionWeight":2.93,"tailPriorityWeight":3.3,"trapAvoidanceWeight":15.2,"spaceThreshold":20}
19,1382,49,0,0,70,{"foodWeight":10.1,"aggressionWeight":2.62,"tailPriorityWeight":3.28,"trapAvoidanceWeight":14.88,"spaceThreshold":20}
20,1415,52,0,0,90,{"foodWeight":9.44,"aggressionWeight":2.73,"tailPriorityWeight":2.77,"trapAvoidanceWeight":14.93,"spaceThreshold":20}
21,1551,59,0,0,64,{"foodWeight":9.21,"aggressionWeight":3.01,"tailPriorityWeight":2.81,"trapAvoidanceWeight":16.89,"spaceThreshold":20}
22,1401,48,0,0,72,{"foodWeight":9.9,"aggressionWeight":2.83,"tailPriorityWeight":3.35,"trapAvoidanceWeight":14.61,"spaceThreshold":20}
23,1605,61,0,0,66,{"foodWeight":9.02,"aggressionWeight":2.55,"tailPriorityWeight":3.01,"trapAvoidanceWeight":16.57,"spaceThreshold":20}
24,1630,63,0,0,78,{"foodWeight":8.54,"aggressionWeight":2.42,"tailPriorityWeight":3.06,"trapAvoidanceWeight":16.3,"spaceThreshold":20}
25,1396,50,0,0,68,{"foodWeight":8.89,"aggressionWeight":2.43,"tailPriorityWeight":2.83,"trapAvoidanceWeight":15.84,"spaceThreshold":20}
26,1596,60,0,0,78,{"foodWeight":8.61,"aggressionWeight":2.36,"tailPriorityWeight":3.22,"trapAvoidanceWeight":15.48,"spaceThreshold":20}
27,1475,54,0,0,68,{"foodWeight":9.07,"aggressionWeight":2.19,"tailPriorityWeight":2.95,"trapAvoidanceWeight":14.69,"spaceThreshold":20}
28,1369,48,0,0,84,{"foodWeight":8.25,"aggressionWeight":2.52,"tailPriorityWeight":3.02,"trapAvoidanceWeight":16.4,"spaceThreshold":20}
29,1446,52,0,0,74,{"foodWeight":8.9,"aggressionWeight":2.19,"tailPriorityWeight":3.02,"trapAvoidanceWeight":16.55,"spaceThreshold":20}
0,1496,55.00000000000001,0,0,66,{"foodWeight":9.2,"aggressionWeight":2.54,"tailPriorityWeight":3,"trapAvoidanceWeight":15.94,"spaceThreshold":20}
1,1428,51,0,0,74,{"foodWeight":9.68,"aggressionWeight":2.44,"tailPriorityWeight":2.71,"trapAvoidanceWeight":15.54,"spaceThreshold":20}
2,1460,53,0,0,70,{"foodWeight":10.08,"aggressionWeight":2.33,"tailPriorityWeight":2.89,"trapAvoidanceWeight":16.15,"spaceThreshold":19}
3,1383,48,0,0,72,{"foodWeight":10.08,"aggressionWeight":2.49,"tailPriorityWeight":2.81,"trapAvoidanceWeight":15.26,"spaceThreshold":20}
4,1545,57.99999999999999,0,0,82,{"foodWeight":9.09,"aggressionWeight":2.78,"tailPriorityWeight":2.82,"trapAvoidanceWeight":16.73,"spaceThreshold":19}
5,1551,57.99999999999999,0,0,68,{"foodWeight":9.33,"aggressionWeight":2.78,"tailPriorityWeight":3.05,"trapAvoidanceWeight":17.32,"spaceThreshold":18}
6,1463,53,0,0,80,{"foodWeight":9.36,"aggressionWeight":2.68,"tailPriorityWeight":3.05,"trapAvoidanceWeight":16.18,"spaceThreshold":18}
7,1428,51,0,0,74,{"foodWeight":8.79,"aggressionWeight":2.94,"tailPriorityWeight":3.13,"trapAvoidanceWeight":18.13,"spaceThreshold":18}
8,1378,47,0,0,68,{"foodWeight":9.06,"aggressionWeight":2.99,"tailPriorityWeight":3.04,"trapAvoidanceWeight":17.66,"spaceThreshold":18}
9,1481,54,0,0,70,{"foodWeight":9.86,"aggressionWeight":2.65,"tailPriorityWeight":2.87,"trapAvoidanceWeight":16.72,"spaceThreshold":18}
10,1544,56.99999999999999,0,0,76,{"foodWeight":9.73,"aggressionWeight":2.62,"tailPriorityWeight":3.15,"trapAvoidanceWeight":17.04,"spaceThreshold":19}
11,1311,44,0,0,72,{"foodWeight":9.41,"aggressionWeight":3.05,"tailPriorityWeight":2.83,"trapAvoidanceWeight":17.44,"spaceThreshold":18}
12,1447,52,0,0,76,{"foodWeight":8.57,"aggressionWeight":2.53,"tailPriorityWeight":2.91,"trapAvoidanceWeight":17.13,"spaceThreshold":18}
13,1501,54,0,0,62,{"foodWeight":8.94,"aggressionWeight":2.79,"tailPriorityWeight":3.2,"trapAvoidanceWeight":18.58,"spaceThreshold":18}
14,1449,53,0,0,72,{"foodWeight":9.06,"aggressionWeight":2.59,"tailPriorityWeight":2.98,"trapAvoidanceWeight":18.77,"spaceThreshold":18}
15,1441,52,0,0,74,{"foodWeight":9.81,"aggressionWeight":3.03,"tailPriorityWeight":3.34,"trapAvoidanceWeight":16.85,"spaceThreshold":19}
16,1565,59,0,0,72,{"foodWeight":10.23,"aggressionWeight":2.85,"tailPriorityWeight":2.88,"trapAvoidanceWeight":17.98,"spaceThreshold":18}
17,1436,51,0,0,58,{"foodWeight":11.15,"aggressionWeight":2.76,"tailPriorityWeight":2.78,"trapAvoidanceWeight":18.93,"spaceThreshold":19}
18,1473,53,0,0,80,{"foodWeight":11.19,"aggressionWeight":2.85,"tailPriorityWeight":2.69,"trapAvoidanceWeight":18.99,"spaceThreshold":19}
19,1500,55.00000000000001,0,0,80,{"foodWeight":9.86,"aggressionWeight":3.11,"tailPriorityWeight":3.04,"trapAvoidanceWeight":18.2,"spaceThreshold":18}
20,1514,56.00000000000001,0,0,78,{"foodWeight":9.38,"aggressionWeight":2.78,"tailPriorityWeight":2.9,"trapAvoidanceWeight":16.7,"spaceThreshold":18}
21,1333,44,0,0,80,{"foodWeight":11.01,"aggressionWeight":3,"tailPriorityWeight":2.82,"trapAvoidanceWeight":17.18,"spaceThreshold":18}
22,1387,48,0,0,74,{"foodWeight":11,"aggressionWeight":2.71,"tailPriorityWeight":2.8,"trapAvoidanceWeight":17.98,"spaceThreshold":17}
23,1406,50,0,0,74,{"foodWeight":10.23,"aggressionWeight":2.79,"tailPriorityWeight":2.83,"trapAvoidanceWeight":17.52,"spaceThreshold":17}
24,1259,42,0,0,70,{"foodWeight":9.72,"aggressionWeight":2.89,"tailPriorityWeight":3.04,"trapAvoidanceWeight":16.31,"spaceThreshold":18}
25,1533,56.99999999999999,0,0,68,{"foodWeight":10.53,"aggressionWeight":2.89,"tailPriorityWeight":3.17,"trapAvoidanceWeight":16.67,"spaceThreshold":17}
26,1502,55.00000000000001,0,0,68,{"foodWeight":9.53,"aggressionWeight":2.67,"tailPriorityWeight":2.82,"trapAvoidanceWeight":17.77,"spaceThreshold":18}
27,1365,47,0,0,78,{"foodWeight":11.13,"aggressionWeight":2.89,"tailPriorityWeight":3.02,"trapAvoidanceWeight":19.23,"spaceThreshold":18}
28,1409,50,0,0,72,{"foodWeight":10.64,"aggressionWeight":2.78,"tailPriorityWeight":2.69,"trapAvoidanceWeight":17.62,"spaceThreshold":18}
29,1250,41,0,0,74,{"foodWeight":10.09,"aggressionWeight":2.94,"tailPriorityWeight":3.13,"trapAvoidanceWeight":18.86,"spaceThreshold":19}
0,1476,53,0,0,80,{"foodWeight":10,"aggressionWeight":2.73,"tailPriorityWeight":2.8,"trapAvoidanceWeight":18.5,"spaceThreshold":18}
1,1481,53,0,0,66,{"foodWeight":10.39,"aggressionWeight":2.73,"tailPriorityWeight":2.77,"trapAvoidanceWeight":19.29,"spaceThreshold":18}
2,1344,45,0,0,76,{"foodWeight":10.69,"aggressionWeight":2.83,"tailPriorityWeight":2.83,"trapAvoidanceWeight":18.59,"spaceThreshold":18}
3,1285,42,0,0,62,{"foodWeight":10.61,"aggressionWeight":2.69,"tailPriorityWeight":2.79,"trapAvoidanceWeight":19.65,"spaceThreshold":18}
4,1393,50,0,0,68,{"foodWeight":9.94,"aggressionWeight":2.62,"tailPriorityWeight":2.87,"trapAvoidanceWeight":19.32,"spaceThreshold":18}
5,1282,42,0,0,72,{"foodWeight":10.82,"aggressionWeight":2.71,"tailPriorityWeight":2.73,"trapAvoidanceWeight":19.1,"spaceThreshold":18}
6,1557,59,0,0,74,{"foodWeight":10.29,"aggressionWeight":2.67,"tailPriorityWeight":2.88,"trapAvoidanceWeight":19.62,"spaceThreshold":18}
7,1486,53,0,0,74,{"foodWeight":10.39,"aggressionWeight":2.69,"tailPriorityWeight":2.91,"trapAvoidanceWeight":18.88,"spaceThreshold":18}
8,1485,54,0,0,64,{"foodWeight":9.84,"aggressionWeight":2.76,"tailPriorityWeight":2.97,"trapAvoidanceWeight":20.01,"spaceThreshold":18}
9,1516,55.00000000000001,0,0,76,{"foodWeight":9.89,"aggressionWeight":2.67,"tailPriorityWeight":2.97,"trapAvoidanceWeight":18.97,"spaceThreshold":18}
10,1565,57.99999999999999,0,0,80,{"foodWeight":10.41,"aggressionWeight":2.79,"tailPriorityWeight":2.79,"trapAvoidanceWeight":20.02,"spaceThreshold":18}
11,1472,53,0,0,70,{"foodWeight":9.89,"aggressionWeight":2.7,"tailPriorityWeight":2.71,"trapAvoidanceWeight":19.74,"spaceThreshold":18}
12,1368,46,0,0,72,{"foodWeight":10.17,"aggressionWeight":2.92,"tailPriorityWeight":2.89,"trapAvoidanceWeight":19.21,"spaceThreshold":18}
13,1493,55.00000000000001,0,0,64,{"foodWeight":10.26,"aggressionWeight":2.78,"tailPriorityWeight":2.75,"trapAvoidanceWeight":19.07,"spaceThreshold":18}
14,1574,59,0,0,76,{"foodWeight":10.03,"aggressionWeight":2.87,"tailPriorityWeight":2.87,"trapAvoidanceWeight":19.43,"spaceThreshold":18}
15,1460,54,0,0,74,{"foodWeight":10.28,"aggressionWeight":2.95,"tailPriorityWeight":2.83,"trapAvoidanceWeight":20.27,"spaceThreshold":18}
16,1461,53,0,0,78,{"foodWeight":10.15,"aggressionWeight":2.96,"tailPriorityWeight":2.81,"trapAvoidanceWeight":19.59,"spaceThreshold":18}
17,1437,52,0,0,74,{"foodWeight":10.14,"aggressionWeight":3.01,"tailPriorityWeight":3,"trapAvoidanceWeight":20.16,"spaceThreshold":18}
18,1496,55.00000000000001,0,0,72,{"foodWeight":9.92,"aggressionWeight":2.92,"tailPriorityWeight":2.74,"trapAvoidanceWeight":19.36,"spaceThreshold":18}
19,1397,49,0,0,66,{"foodWeight":9.85,"aggressionWeight":2.75,"tailPriorityWeight":3,"trapAvoidanceWeight":19.81,"spaceThreshold":18}
20,1464,52,0,0,74,{"foodWeight":10.3,"aggressionWeight":2.83,"tailPriorityWeight":2.9,"trapAvoidanceWeight":19.38,"spaceThreshold":18}
21,1549,57.99999999999999,0,0,78,{"foodWeight":10.35,"aggressionWeight":2.99,"tailPriorityWeight":2.83,"trapAvoidanceWeight":20.18,"spaceThreshold":18}
22,1583,60,0,0,80,{"foodWeight":10.38,"aggressionWeight":2.8,"tailPriorityWeight":2.89,"trapAvoidanceWeight":19.92,"spaceThreshold":18}
23,1256,42,0,0,72,{"foodWeight":10.13,"aggressionWeight":2.68,"tailPriorityWeight":3.01,"trapAvoidanceWeight":19.32,"spaceThreshold":18}
24,1374,48,0,0,78,{"foodWeight":10.2,"aggressionWeight":2.69,"tailPriorityWeight":2.78,"trapAvoidanceWeight":19.78,"spaceThreshold":18}
25,1335,44,0,0,80,{"foodWeight":10.29,"aggressionWeight":2.8,"tailPriorityWeight":2.79,"trapAvoidanceWeight":19.4,"spaceThreshold":18}
26,1302,43,0,0,74,{"foodWeight":10.34,"aggressionWeight":2.92,"tailPriorityWeight":2.87,"trapAvoidanceWeight":19.2,"spaceThreshold":18}
27,1432,50,0,0,64,{"foodWeight":10.28,"aggressionWeight":2.84,"tailPriorityWeight":3.02,"trapAvoidanceWeight":19.42,"spaceThreshold":18}
28,1351,47,0,0,66,{"foodWeight":9.96,"aggressionWeight":2.92,"tailPriorityWeight":2.77,"trapAvoidanceWeight":20.67,"spaceThreshold":18}
29,1555,57.99999999999999,0,0,74,{"foodWeight":10.27,"aggressionWeight":2.75,"tailPriorityWeight":2.88,"trapAvoidanceWeight":19.49,"spaceThreshold":18}
0,1616,62,0,0,80,{"foodWeight":10.31,"aggressionWeight":2.69,"tailPriorityWeight":2.91,"trapAvoidanceWeight":20.63,"spaceThreshold":18}
1,1417,53,0,0,86,{"foodWeight":10.06,"aggressionWeight":2.6,"tailPriorityWeight":2.81,"trapAvoidanceWeight":21.4,"spaceThreshold":18}
2,1392,49,0,0,66,{"foodWeight":10.82,"aggressionWeight":2.75,"tailPriorityWeight":2.77,"trapAvoidanceWeight":20.27,"spaceThreshold":18}
3,1429,50,0,0,76,{"foodWeight":10.74,"aggressionWeight":2.65,"tailPriorityWeight":2.94,"trapAvoidanceWeight":21.04,"spaceThreshold":18}
4,1357,47,0,0,78,{"foodWeight":10.12,"aggressionWeight":2.79,"tailPriorityWeight":2.91,"trapAvoidanceWeight":20.19,"spaceThreshold":18}
5,1359,48,0,0,74,{"foodWeight":10.53,"aggressionWeight":2.8,"tailPriorityWeight":2.82,"trapAvoidanceWeight":20.22,"spaceThreshold":18}
6,1574,60,0,0,72,{"foodWeight":10.42,"aggressionWeight":2.74,"tailPriorityWeight":2.99,"trapAvoidanceWeight":20.67,"spaceThreshold":18}
7,1570,60,0,0,76,{"foodWeight":10.52,"aggressionWeight":2.57,"tailPriorityWeight":3.05,"trapAvoidanceWeight":21.18,"spaceThreshold":18}
8,1373,47,0,0,82,{"foodWeight":10,"aggressionWeight":2.73,"tailPriorityWeight":3.01,"trapAvoidanceWeight":20.9,"spaceThreshold":18}
9,1484,54,0,0,66,{"foodWeight":9.87,"aggressionWeight":2.6,"tailPriorityWeight":2.83,"trapAvoidanceWeight":20.58,"spaceThreshold":18}
10,1564,57.99999999999999,0,0,78,{"foodWeight":10.33,"aggressionWeight":2.66,"tailPriorityWeight":2.97,"trapAvoidanceWeight":20.81,"spaceThreshold":18}
11,1410,50,0,0,72,{"foodWeight":10.07,"aggressionWeight":2.56,"tailPriorityWeight":3.03,"trapAvoidanceWeight":21.17,"spaceThreshold":18}
12,1609,61,0,0,78,{"foodWeight":10.49,"aggressionWeight":2.77,"tailPriorityWeight":2.98,"trapAvoidanceWeight":20.2,"spaceThreshold":18}
13,1574,60,0,0,76,{"foodWeight":10.62,"aggressionWeight":2.78,"tailPriorityWeight":2.78,"trapAvoidanceWeight":21.56,"spaceThreshold":18}
14,1531,56.00000000000001,0,0,70,{"foodWeight":9.97,"aggressionWeight":2.78,"tailPriorityWeight":3.03,"trapAvoidanceWeight":21.64,"spaceThreshold":18}
15,1545,56.99999999999999,0,0,72,{"foodWeight":10.79,"aggressionWeight":2.64,"tailPriorityWeight":3.03,"trapAvoidanceWeight":20.57,"spaceThreshold":18}
16,1420,50,0,0,66,{"foodWeight":10.79,"aggressionWeight":2.6,"tailPriorityWeight":3.01,"trapAvoidanceWeight":20.32,"spaceThreshold":18}
17,1585,61,0,0,68,{"foodWeight":10.41,"aggressionWeight":2.64,"tailPriorityWeight":2.96,"trapAvoidanceWeight":19.8,"spaceThreshold":18}
18,1512,56.00000000000001,0,0,74,{"foodWeight":9.93,"aggressionWeight":2.64,"tailPriorityWeight":3.01,"trapAvoidanceWeight":19.69,"spaceThreshold":18}
19,1280,43,0,0,80,{"foodWeight":10.46,"aggressionWeight":2.64,"tailPriorityWeight":3.04,"trapAvoidanceWeight":20.09,"spaceThreshold":18}
20,1485,55.00000000000001,0,0,74,{"foodWeight":10.73,"aggressionWeight":2.73,"tailPriorityWeight":2.93,"trapAvoidanceWeight":20.53,"spaceThreshold":18}
21,1442,52,0,0,66,{"foodWeight":10.24,"aggressionWeight":2.66,"tailPriorityWeight":2.8,"trapAvoidanceWeight":21.57,"spaceThreshold":18}
22,1404,50,0,0,76,{"foodWeight":10.35,"aggressionWeight":2.57,"tailPriorityWeight":3,"trapAvoidanceWeight":20.27,"spaceThreshold":18}
23,1361,48,0,0,72,{"foodWeight":9.98,"aggressionWeight":2.7,"tailPriorityWeight":2.87,"trapAvoidanceWeight":21.36,"spaceThreshold":18}
24,1468,54,0,0,78,{"foodWeight":10.56,"aggressionWeight":2.73,"tailPriorityWeight":2.86,"trapAvoidanceWeight":19.69,"spaceThreshold":18}
25,1504,56.00000000000001,0,0,74,{"foodWeight":9.84,"aggressionWeight":2.82,"tailPriorityWeight":2.9,"trapAvoidanceWeight":19.82,"spaceThreshold":18}
26,1427,50,0,0,72,{"foodWeight":9.86,"aggressionWeight":2.77,"tailPriorityWeight":2.91,"trapAvoidanceWeight":20,"spaceThreshold":18}
27,1537,56.99999999999999,0,0,64,{"foodWeight":10.54,"aggressionWeight":2.73,"tailPriorityWeight":3.03,"trapAvoidanceWeight":20.23,"spaceThreshold":18}
28,1536,56.00000000000001,0,0,74,{"foodWeight":10.37,"aggressionWeight":2.73,"tailPriorityWeight":2.93,"trapAvoidanceWeight":20.67,"spaceThreshold":18}
29,1380,48,0,0,64,{"foodWeight":9.98,"aggressionWeight":2.77,"tailPriorityWeight":2.83,"trapAvoidanceWeight":19.69,"spaceThreshold":18}
0,1439,52,0,0,76,{"foodWeight":10.34,"aggressionWeight":2.77,"tailPriorityWeight":2.81,"trapAvoidanceWeight":21.08,"spaceThreshold":18}
1,1327,45,0,0,82,{"foodWeight":9.92,"aggressionWeight":2.91,"tailPriorityWeight":2.72,"trapAvoidanceWeight":20.57,"spaceThreshold":18}
2,1396,49,0,0,70,{"foodWeight":10.26,"aggressionWeight":2.84,"tailPriorityWeight":2.87,"trapAvoidanceWeight":20.71,"spaceThreshold":18}
3,1553,57.99999999999999,0,0,68,{"foodWeight":10.16,"aggressionWeight":2.76,"tailPriorityWeight":2.84,"trapAvoidanceWeight":20.86,"spaceThreshold":18}
4,1432,50,0,0,76,{"foodWeight":9.83,"aggressionWeight":2.81,"tailPriorityWeight":2.76,"trapAvoidanceWeight":20.32,"spaceThreshold":18}
5,1419,49,0,0,78,{"foodWeight":10.22,"aggressionWeight":2.8,"tailPriorityWeight":2.8,"trapAvoidanceWeight":19.96,"spaceThreshold":18}
6,1519,56.00000000000001,0,0,76,{"foodWeight":9.84,"aggressionWeight":2.78,"tailPriorityWeight":2.87,"trapAvoidanceWeight":21.11,"spaceThreshold":18}
7,1547,57.99999999999999,0,0,66,{"foodWeight":9.99,"aggressionWeight":2.71,"tailPriorityWeight":2.96,"trapAvoidanceWeight":21.39,"spaceThreshold":18}
8,1561,59,0,0,74,{"foodWeight":9.8,"aggressionWeight":2.9,"tailPriorityWeight":2.84,"trapAvoidanceWeight":20.56,"spaceThreshold":18}
9,1440,51,0,0,70,{"foodWeight":9.96,"aggressionWeight":2.94,"tailPriorityWeight":2.93,"trapAvoidanceWeight":20.51,"spaceThreshold":18}
10,1445,52,0,0,76,{"foodWeight":10.27,"aggressionWeight":2.78,"tailPriorityWeight":2.74,"trapAvoidanceWeight":20.89,"spaceThreshold":18}
11,1336,45,0,0,70,{"foodWeight":9.69,"aggressionWeight":2.87,"tailPriorityWeight":2.92,"trapAvoidanceWeight":21.46,"spaceThreshold":18}
12,1438,52,0,0,76,{"foodWeight":10.15,"aggressionWeight":2.97,"tailPriorityWeight":2.84,"trapAvoidanceWeight":20.44,"spaceThreshold":18}
13,1481,54,0,0,74,{"foodWeight":10.25,"aggressionWeight":2.78,"tailPriorityWeight":2.87,"trapAvoidanceWeight":20.34,"spaceThreshold":18}
14,1579,59,0,0,60,{"foodWeight":9.87,"aggressionWeight":2.81,"tailPriorityWeight":2.98,"trapAvoidanceWeight":21.4,"spaceThreshold":18}
15,1493,54,0,0,76,{"foodWeight":9.87,"aggressionWeight":2.74,"tailPriorityWeight":2.92,"trapAvoidanceWeight":21.59,"spaceThreshold":18}
16,1409,50,0,0,72,{"foodWeight":9.99,"aggressionWeight":2.82,"tailPriorityWeight":3.11,"trapAvoidanceWeight":21.82,"spaceThreshold":18}
17,1503,55.00000000000001,0,0,72,{"foodWeight":10.03,"aggressionWeight":2.72,"tailPriorityWeight":2.93,"trapAvoidanceWeight":22.04,"spaceThreshold":18}
18,1385,48,0,0,90,{"foodWeight":10.06,"aggressionWeight":2.95,"tailPriorityWeight":3.13,"trapAvoidanceWeight":20.77,"spaceThreshold":18}
19,1359,47,0,0,74,{"foodWeight":9.69,"aggressionWeight":2.75,"tailPriorityWeight":2.91,"trapAvoidanceWeight":20.48,"spaceThreshold":18}
20,1405,50,0,0,66,{"foodWeight":10.3,"aggressionWeight":2.7,"tailPriorityWeight":3.04,"trapAvoidanceWeight":21.61,"spaceThreshold":18}
21,1413,50,0,0,88,{"foodWeight":9.39,"aggressionWeight":2.7,"tailPriorityWeight":2.85,"trapAvoidanceWeight":22.47,"spaceThreshold":18}
22,1470,54,0,0,70,{"foodWeight":9.54,"aggressionWeight":2.71,"tailPriorityWeight":2.9,"trapAvoidanceWeight":21.45,"spaceThreshold":18}
23,1364,47,0,0,72,{"foodWeight":10.16,"aggressionWeight":2.73,"tailPriorityWeight":3.12,"trapAvoidanceWeight":20.77,"spaceThreshold":18}
24,1360,47,0,0,68,{"foodWeight":10.19,"aggressionWeight":2.78,"tailPriorityWeight":2.93,"trapAvoidanceWeight":22.35,"spaceThreshold":18}
25,1472,52,0,0,74,{"foodWeight":10.26,"aggressionWeight":2.85,"tailPriorityWeight":2.94,"trapAvoidanceWeight":21.97,"spaceThreshold":18}
26,1578,59,0,0,78,{"foodWeight":9.74,"aggressionWeight":2.82,"tailPriorityWeight":2.99,"trapAvoidanceWeight":21.99,"spaceThreshold":18}
27,1285,43,0,0,82,{"foodWeight":9.94,"aggressionWeight":2.84,"tailPriorityWeight":2.9,"trapAvoidanceWeight":22.39,"spaceThreshold":18}
28,1632,62,0,0,72,{"foodWeight":10.05,"aggressionWeight":2.79,"tailPriorityWeight":2.87,"trapAvoidanceWeight":21.78,"spaceThreshold":18}
29,1466,53,0,0,58,{"foodWeight":10.43,"aggressionWeight":2.87,"tailPriorityWeight":2.85,"trapAvoidanceWeight":20.73,"spaceThreshold":18}
0,1401,49,0,0,76,{"foodWeight":10.52,"aggressionWeight":2.9,"tailPriorityWeight":2.93,"trapAvoidanceWeight":20.99,"spaceThreshold":18}
1,1443,51,0,0,60,{"foodWeight":10.98,"aggressionWeight":2.95,"tailPriorityWeight":2.81,"trapAvoidanceWeight":21.73,"spaceThreshold":18}
2,1586,60,0,0,74,{"foodWeight":11.4,"aggressionWeight":2.82,"tailPriorityWeight":2.83,"trapAvoidanceWeight":21.92,"spaceThreshold":18}
3,1370,47,0,0,66,{"foodWeight":11.03,"aggressionWeight":2.71,"tailPriorityWeight":2.76,"trapAvoidanceWeight":22.48,"spaceThreshold":18}
4,1410,50,0,0,72,{"foodWeight":11.24,"aggressionWeight":2.87,"tailPriorityWeight":2.95,"trapAvoidanceWeight":21.59,"spaceThreshold":18}
5,1439,52,0,0,76,{"foodWeight":10.85,"aggressionWeight":2.92,"tailPriorityWeight":2.95,"trapAvoidanceWeight":22.45,"spaceThreshold":18}
6,1438,51,0,0,68,{"foodWeight":11.58,"aggressionWeight":2.88,"tailPriorityWeight":2.93,"trapAvoidanceWeight":22.92,"spaceThreshold":18}
7,1363,48,0,0,76,{"foodWeight":11,"aggressionWeight":2.77,"tailPriorityWeight":2.78,"trapAvoidanceWeight":22.63,"spaceThreshold":18}
8,1529,56.99999999999999,0,0,78,{"foodWeight":10.96,"aggressionWeight":2.69,"tailPriorityWeight":2.96,"trapAvoidanceWeight":21.09,"spaceThreshold":18}
9,1485,54,0,0,68,{"foodWeight":11.57,"aggressionWeight":2.78,"tailPriorityWeight":2.71,"trapAvoidanceWeight":22.42,"spaceThreshold":18}
10,1407,49,0,0,78,{"foodWeight":11.48,"aggressionWeight":2.76,"tailPriorityWeight":2.84,"trapAvoidanceWeight":21.58,"spaceThreshold":18}
11,1470,54,0,0,66,{"foodWeight":11.25,"aggressionWeight":2.72,"tailPriorityWeight":2.74,"trapAvoidanceWeight":21.83,"spaceThreshold":18}
12,1450,52,0,0,66,{"foodWeight":11.64,"aggressionWeight":2.86,"tailPriorityWeight":2.85,"trapAvoidanceWeight":22.19,"spaceThreshold":18}
13,1554,57.99999999999999,0,0,76,{"foodWeight":11.51,"aggressionWeight":2.76,"tailPriorityWeight":2.76,"trapAvoidanceWeight":22.42,"spaceThreshold":18}
14,1438,51,0,0,64,{"foodWeight":11.24,"aggressionWeight":2.93,"tailPriorityWeight":2.92,"trapAvoidanceWeight":20.87,"spaceThreshold":18}
15,1449,53,0,0,72,{"foodWeight":11.29,"aggressionWeight":2.86,"tailPriorityWeight":2.95,"trapAvoidanceWeight":22.06,"spaceThreshold":18}
16,1419,51,0,0,76,{"foodWeight":11.27,"aggressionWeight":2.76,"tailPriorityWeight":2.7,"trapAvoidanceWeight":21.19,"spaceThreshold":18}
17,1326,46,0,0,78,{"foodWeight":11.38,"aggressionWeight":2.78,"tailPriorityWeight":2.94,"trapAvoidanceWeight":22.33,"spaceThreshold":18}
18,1254,40,0,0,78,{"foodWeight":11.27,"aggressionWeight":2.83,"tailPriorityWeight":2.71,"trapAvoidanceWeight":22.11,"spaceThreshold":18}
19,1361,47,0,0,80,{"foodWeight":11.49,"aggressionWeight":2.92,"tailPriorityWeight":2.72,"trapAvoidanceWeight":22.03,"spaceThreshold":18}
20,1341,45,0,0,66,{"foodWeight":11.96,"aggressionWeight":2.95,"tailPriorityWeight":2.78,"trapAvoidanceWeight":22.89,"spaceThreshold":18}
21,1406,50,0,0,72,{"foodWeight":11.72,"aggressionWeight":2.72,"tailPriorityWeight":2.8,"trapAvoidanceWeight":20.92,"spaceThreshold":18}
22,1400,48,0,0,78,{"foodWeight":11.76,"aggressionWeight":2.7,"tailPriorityWeight":2.93,"trapAvoidanceWeight":21.93,"spaceThreshold":18}
23,1547,56.99999999999999,0,0,72,{"foodWeight":11.25,"aggressionWeight":2.9,"tailPriorityWeight":2.71,"trapAvoidanceWeight":21.67,"spaceThreshold":18}
24,1500,55.00000000000001,0,0,74,{"foodWeight":11.31,"aggressionWeight":2.68,"tailPriorityWeight":2.79,"trapAvoidanceWeight":22.65,"spaceThreshold":18}
25,1252,41,0,0,84,{"foodWeight":11.71,"aggressionWeight":2.95,"tailPriorityWeight":2.97,"trapAvoidanceWeight":22.24,"spaceThreshold":18}
26,1360,48,0,0,70,{"foodWeight":11.59,"aggressionWeight":2.82,"tailPriorityWeight":2.71,"trapAvoidanceWeight":21.58,"spaceThreshold":18}
27,1408,50,0,0,72,{"foodWeight":11.09,"aggressionWeight":2.7,"tailPriorityWeight":2.75,"trapAvoidanceWeight":21.54,"spaceThreshold":18}
28,1322,44,0,0,74,{"foodWeight":11.94,"aggressionWeight":2.8,"tailPriorityWeight":2.73,"trapAvoidanceWeight":22.31,"spaceThreshold":18}
29,1521,56.00000000000001,0,0,78,{"foodWeight":11.88,"aggressionWeight":2.83,"tailPriorityWeight":2.69,"trapAvoidanceWeight":21.95,"spaceThreshold":18}
0,1472,53,0,0,56,{"foodWeight":10.9,"aggressionWeight":2.75,"tailPriorityWeight":2.82,"trapAvoidanceWeight":20.88,"spaceThreshold":18}
1,1535,56.99999999999999,0,0,74,{"foodWeight":11.36,"aggressionWeight":2.66,"tailPriorityWeight":2.74,"trapAvoidanceWeight":20.21,"spaceThreshold":18}
2,1512,56.00000000000001,0,0,76,{"foodWeight":11.7,"aggressionWeight":2.66,"tailPriorityWeight":2.8,"trapAvoidanceWeight":19.46,"spaceThreshold":18}
3,1542,57.99999999999999,0,0,70,{"foodWeight":11.24,"aggressionWeight":2.64,"tailPriorityWeight":2.87,"trapAvoidanceWeight":20.56,"spaceThreshold":18}
4,1441,52,0,0,60,{"foodWeight":11.41,"aggressionWeight":2.55,"tailPriorityWeight":2.79,"trapAvoidanceWeight":20.64,"spaceThreshold":18}
5,1596,60,0,0,84,{"foodWeight":11.62,"aggressionWeight":2.61,"tailPriorityWeight":3.01,"trapAvoidanceWeight":20.47,"spaceThreshold":18}
6,1322,46,0,0,76,{"foodWeight":11.98,"aggressionWeight":2.57,"tailPriorityWeight":2.99,"trapAvoidanceWeight":20.87,"spaceThreshold":18}
7,1563,59,0,0,74,{"foodWeight":11.1,"aggressionWeight":2.48,"tailPriorityWeight":2.89,"trapAvoidanceWeight":20.88,"spaceThreshold":18}
8,1504,55.00000000000001,0,0,76,{"foodWeight":12.15,"aggressionWeight":2.64,"tailPriorityWeight":3.04,"trapAvoidanceWeight":20.21,"spaceThreshold":18}
9,1506,55.00000000000001,0,0,74,{"foodWeight":11.72,"aggressionWeight":2.52,"tailPriorityWeight":2.98,"trapAvoidanceWeight":20.45,"spaceThreshold":18}
10,1443,51,0,0,70,{"foodWeight":11.38,"aggressionWeight":2.57,"tailPriorityWeight":2.98,"trapAvoidanceWeight":20.86,"spaceThreshold":18}
11,1457,52,0,0,66,{"foodWeight":11.51,"aggressionWeight":2.73,"tailPriorityWeight":2.93,"trapAvoidanceWeight":20.12,"spaceThreshold":18}
12,1322,44,0,0,60,{"foodWeight":11.97,"aggressionWeight":2.55,"tailPriorityWeight":2.93,"trapAvoidanceWeight":20.88,"spaceThreshold":18}
13,1402,50,0,0,64,{"foodWeight":11.83,"aggressionWeight":2.68,"tailPriorityWeight":2.91,"trapAvoidanceWeight":19.98,"spaceThreshold":18}
14,1446,51,0,0,68,{"foodWeight":11.96,"aggressionWeight":2.72,"tailPriorityWeight":3.01,"trapAvoidanceWeight":19.71,"spaceThreshold":18}
15,1555,57.99999999999999,0,0,62,{"foodWeight":11.66,"aggressionWeight":2.58,"tailPriorityWeight":3.09,"trapAvoidanceWeight":21.41,"spaceThreshold":18}
16,1465,53,0,0,66,{"foodWeight":11.46,"aggressionWeight":2.72,"tailPriorityWeight":3.1,"trapAvoidanceWeight":19.56,"spaceThreshold":18}
17,1351,46,0,0,72,{"foodWeight":11.51,"aggressionWeight":2.49,"tailPriorityWeight":2.92,"trapAvoidanceWeight":21.15,"spaceThreshold":18}
18,1452,52,0,0,72,{"foodWeight":11.07,"aggressionWeight":2.56,"tailPriorityWeight":2.88,"trapAvoidanceWeight":19.71,"spaceThreshold":18}
19,1407,49,0,0,76,{"foodWeight":11.89,"aggressionWeight":2.56,"tailPriorityWeight":3.1,"trapAvoidanceWeight":20.29,"spaceThreshold":18}
20,1390,49,0,0,70,{"foodWeight":12,"aggressionWeight":2.52,"tailPriorityWeight":3.08,"trapAvoidanceWeight":20.57,"spaceThreshold":18}
21,1323,45,0,0,70,{"foodWeight":11.5,"aggressionWeight":2.57,"tailPriorityWeight":2.98,"trapAvoidanceWeight":19.73,"spaceThreshold":18}
22,1565,57.99999999999999,0,0,70,{"foodWeight":11.84,"aggressionWeight":2.64,"tailPriorityWeight":3.09,"trapAvoidanceWeight":19.82,"spaceThreshold":18}
23,1322,45,0,0,70,{"foodWeight":11.17,"aggressionWeight":2.48,"tailPriorityWeight":2.9,"trapAvoidanceWeight":19.96,"spaceThreshold":18}
24,1443,52,0,0,74,{"foodWeight":12.01,"aggressionWeight":2.72,"tailPriorityWeight":2.89,"trapAvoidanceWeight":19.63,"spaceThreshold":18}
25,1472,53,0,0,74,{"foodWeight":11.87,"aggressionWeight":2.65,"tailPriorityWeight":3.12,"trapAvoidanceWeight":20.62,"spaceThreshold":18}
26,1452,53,0,0,68,{"foodWeight":12.02,"aggressionWeight":2.55,"tailPriorityWeight":3.14,"trapAvoidanceWeight":20.04,"spaceThreshold":18}
27,1367,47,0,0,74,{"foodWeight":11.94,"aggressionWeight":2.64,"tailPriorityWeight":3.14,"trapAvoidanceWeight":20.33,"spaceThreshold":18}
28,1457,51,0,0,74,{"foodWeight":11.82,"aggressionWeight":2.55,"tailPriorityWeight":3.13,"trapAvoidanceWeight":20.32,"spaceThreshold":18}
29,1523,56.99999999999999,0,0,68,{"foodWeight":11.79,"aggressionWeight":2.65,"tailPriorityWeight":2.89,"trapAvoidanceWeight":20.58,"spaceThreshold":18}
0,1438,51,0,0,70,{"foodWeight":11.9,"aggressionWeight":2.66,"tailPriorityWeight":3.04,"trapAvoidanceWeight":20.8,"spaceThreshold":18}
1,1473,52,0,0,70,{"foodWeight":11.65,"aggressionWeight":2.65,"tailPriorityWeight":3.09,"trapAvoidanceWeight":20.69,"spaceThreshold":18}
2,1429,50,0,0,60,{"foodWeight":11.9,"aggressionWeight":2.78,"tailPriorityWeight":3.2,"trapAvoidanceWeight":19.69,"spaceThreshold":18}
3,1330,46,0,0,70,{"foodWeight":11.97,"aggressionWeight":2.58,"tailPriorityWeight":3.15,"trapAvoidanceWeight":21.4,"spaceThreshold":18}
4,1285,41,0,0,64,{"foodWeight":11.52,"aggressionWeight":2.67,"tailPriorityWeight":2.96,"trapAvoidanceWeight":20.86,"spaceThreshold":18}
5,1638,63,0,0,70,{"foodWeight":11.75,"aggressionWeight":2.62,"tailPriorityWeight":3.03,"trapAvoidanceWeight":20.5,"spaceThreshold":18}
6,1461,52,0,0,86,{"foodWeight":12.21,"aggressionWeight":2.52,"tailPriorityWeight":2.91,"trapAvoidanceWeight":19.94,"spaceThreshold":18}
7,1490,55.00000000000001,0,0,76,{"foodWeight":11.48,"aggressionWeight":2.61,"tailPriorityWeight":2.97,"trapAvoidanceWeight":20.46,"spaceThreshold":18}
8,1488,55.00000000000001,0,0,72,{"foodWeight":11.91,"aggressionWeight":2.68,"tailPriorityWeight":3.09,"trapAvoidanceWeight":20.61,"spaceThreshold":18}
9,1601,60,0,0,68,{"foodWeight":11.2,"aggressionWeight":2.64,"tailPriorityWeight":3.01,"trapAvoidanceWeight":21.12,"spaceThreshold":18}
10,1355,47,0,0,70,{"foodWeight":12.33,"aggressionWeight":2.72,"tailPriorityWeight":3.16,"trapAvoidanceWeight":19.72,"spaceThreshold":18}
11,1363,48,0,0,76,{"foodWeight":11.7,"aggressionWeight":2.71,"tailPriorityWeight":3,"trapAvoidanceWeight":20.29,"spaceThreshold":18}
12,1413,50,0,0,74,{"foodWeight":12.27,"aggressionWeight":2.73,"tailPriorityWeight":2.88,"trapAvoidanceWeight":20.98,"spaceThreshold":18}
13,1408,50,0,0,60,{"foodWeight":11.35,"aggressionWeight":2.64,"tailPriorityWeight":3.12,"trapAvoidanceWeight":19.89,"spaceThreshold":18}
14,1342,45,0,0,66,{"foodWeight":11.3,"aggressionWeight":2.55,"tailPriorityWeight":3.11,"trapAvoidanceWeight":20.58,"spaceThreshold":18}
15,1464,53,0,0,72,{"foodWeight":12.12,"aggressionWeight":2.59,"tailPriorityWeight":3.1,"trapAvoidanceWeight":21.27,"spaceThreshold":18}
16,1451,53,0,0,74,{"foodWeight":11.48,"aggressionWeight":2.73,"tailPriorityWeight":3.04,"trapAvoidanceWeight":21.02,"spaceThreshold":18}
17,1542,56.99999999999999,0,0,72,{"foodWeight":11.42,"aggressionWeight":2.58,"tailPriorityWeight":2.89,"trapAvoidanceWeight":20.06,"spaceThreshold":18}
18,1396,49,0,0,72,{"foodWeight":11.97,"aggressionWeight":2.67,"tailPriorityWeight":2.88,"trapAvoidanceWeight":20.82,"spaceThreshold":18}
19,1551,59,0,0,70,{"foodWeight":11.32,"aggressionWeight":2.59,"tailPriorityWeight":2.89,"trapAvoidanceWeight":19.53,"spaceThreshold":18}
20,1418,51,0,0,72,{"foodWeight":11.41,"aggressionWeight":2.64,"tailPriorityWeight":3.15,"trapAvoidanceWeight":21.2,"spaceThreshold":18}
21,1562,59,0,0,66,{"foodWeight":11.71,"aggressionWeight":2.67,"tailPriorityWeight":3.03,"trapAvoidanceWeight":19.88,"spaceThreshold":18}
22,1492,54,0,0,80,{"foodWeight":11.38,"aggressionWeight":2.55,"tailPriorityWeight":3.17,"trapAvoidanceWeight":20.39,"spaceThreshold":18}
23,1266,42,0,0,74,{"foodWeight":11.82,"aggressionWeight":2.5,"tailPriorityWeight":3.18,"trapAvoidanceWeight":19.67,"spaceThreshold":18}
24,1470,53,0,0,64,{"foodWeight":11.76,"aggressionWeight":2.56,"tailPriorityWeight":3.05,"trapAvoidanceWeight":19.95,"spaceThreshold":18}
25,1526,57.99999999999999,0,0,72,{"foodWeight":11.46,"aggressionWeight":2.58,"tailPriorityWeight":3.13,"trapAvoidanceWeight":20,"spaceThreshold":18}
26,1453,53,0,0,70,{"foodWeight":11.84,"aggressionWeight":2.66,"tailPriorityWeight":3.05,"trapAvoidanceWeight":20.52,"spaceThreshold":18}
27,1476,53,0,0,78,{"foodWeight":12.17,"aggressionWeight":2.74,"tailPriorityWeight":2.92,"trapAvoidanceWeight":20.35,"spaceThreshold":18}
28,1405,48,0,0,62,{"foodWeight":12.1,"aggressionWeight":2.67,"tailPriorityWeight":3.09,"trapAvoidanceWeight":20.13,"spaceThreshold":18}
29,1331,47,0,0,78,{"foodWeight":11.48,"aggressionWeight":2.63,"tailPriorityWeight":3.15,"trapAvoidanceWeight":19.85,"spaceThreshold":18}
